qid,question,category,generated_answer,label,correct_sim,incorrect_sim,mean_logprob,median_logprob,min_logprob,logprob_p10,logprob_p25,std_logprob,frac_low_confidence,mean_entropy,max_entropy,std_entropy,answer_length,mean_margin,min_margin,first_half_mean_logprob,second_half_mean_logprob,logprob_delta_second_minus_first,logprob_trend_slope
sciq_0000,What term means the set of processes by which metals are extracted from their ores and converted to more useful forms?,science,The term that describes this process is metallurgy.,0,0.25,0.0,-0.29751173057593405,-0.2541075572371483,-0.6527019739151001,-0.6314549088478089,-0.5606238842010498,0.2596059899484788,0.0,0.7471188608556986,1.7280694246292114,0.5726001069201125,10,0.0,0.0,-0.4964761346578598,-0.0985473264940083,0.39792880816385146,0.05346330983677144
sciq_0001,What do charged particles in motion generate?,science,Charged particles in motion generate electromagnetic fields.,1,0.2222222222222222,0.2222222222222222,-0.1640537918477397,-0.02483597956597805,-0.615268349647522,-0.5408420324325561,-0.2532314658164978,0.22993392328024953,0.0,0.4221230665829757,1.3739674091339111,0.49158352397605964,9,0.0,0.0,-0.014590102709917119,-0.28362474315799774,-0.2690346404480806,-0.0713584274545913
sciq_0002,"During a human pregnancy, which trimester exhibits the greatest growth of the fetus and culminates in labor and delivery?",science,The third trimester exhibits the greatest growth of the fetus and culminates in labor and delivery.,0,0.2666666666666667,0.1333333333333333,-0.07901061005022711,-0.008296448737382889,-0.5309075117111206,-0.27397526204586026,-0.07207651808857918,0.14110400615083504,0.0,0.23601799724383454,1.126169204711914,0.3419519221844231,20,0.0,0.0,-0.12574776835899684,-0.03227345174145739,0.09347431661753945,0.00926017374324721
sciq_0003,What is part of a large fungus that lives underground?,science,Hyphae are part of a large fungus that lives underground.,1,0.0,0.0,-0.22923032879995076,-0.03158501535654068,-1.1685094833374023,-0.7763821840286255,-0.17166532576084137,0.37290019151174447,0.0,0.5313335986485561,2.1948914527893066,0.7159352585739351,13,0.0,0.0,-0.4410069740382217,-0.047707490024289916,0.3932994840139318,0.05430076749757724
sciq_0004,The interaction between atomic orbitals is greatest when they have the same what?,science,The interaction between atomic orbitals is greatest when they have the same orientation.,1,0.0,0.0,-0.11579872233727807,-0.004641473293304443,-0.5881920456886292,-0.48209593296051023,-0.08701243810355663,0.20455381042635531,0.0,0.36964374347323126,1.750670313835144,0.6268623333330228,15,0.0,0.0,-0.07292321739696815,-0.15331478916004926,-0.08039157176308111,-0.013629450700048144
sciq_0005,What is the general name for a group of atoms derived from an alkane?,science,A general name for a group of atoms derived from an alkane is an alkyl group.,0,0.2857142857142857,0.1428571428571428,-0.0559055700447827,-0.005556258372962475,-0.3176511824131012,-0.16128238141536713,-0.0751020796597004,0.08299216756488911,0.0,0.21162038450251872,0.811313271522522,0.25229973421430585,19,0.0,0.0,-0.053005477671427395,-0.05851565318080247,-0.005510175509375076,0.0007115358288278333
sciq_0006,What is one thing that cell membranes are permeable to?,science,One thing that cell membranes are permeable to is small molecules like water and oxygen.,1,0.0,0.0,-0.19212744132325016,-0.06298022717237473,-0.8336162567138672,-0.5187743425369262,-0.3127463757991791,0.23628285356811518,0.0,0.5165448946251726,1.6063933372497559,0.48405193158536214,17,0.0,0.0,-0.07541532698678566,-0.29587154295566304,-0.22045621596887738,-0.02032727639904324
sciq_0007,What evolutionary process has adapted protonephridia to different tasks in different environments?,science,The evolution of protonephridia allowed for specialization in different organisms by adapting their functions based on environmental needs.,1,0.0,0.0,-0.5820868630840066,-0.36436793208122253,-1.6453542709350586,-1.3524062871932983,-1.0636624097824097,0.5317261809127805,0.0,1.4062209140551125,3.1462249755859375,1.0670162046538352,23,0.0,0.0,-0.4956801737108352,-0.6612929950094136,-0.1656128212985784,0.00037347646305899114
sciq_0008,Melting ice is drastically impacting the number of what at glacier national park?,science,Melting ice is dramatically altering the ecosystem by affecting plant growth and animal habitats within Glacier National Park.,1,0.0,0.0,-0.5689580785732687,-0.44097426533699036,-1.5250792503356934,-1.3641961693763733,-0.947560116648674,0.5236451901661227,0.0,1.1791665966778964,3.063666820526123,0.9072997237217205,20,0.0,0.0,-0.5828900673521276,-0.5550260897944099,0.027863977557717634,0.009325535411597885
sciq_0009,Where do mushrooms get their energy?,science,Mushrooms obtain their energy from organic matter through decomposition of dead plant material.,1,0.125,0.125,-0.5119731474233049,-0.33657751977443695,-1.4117352962493896,-1.2177296876907349,-0.9163816571235657,0.4886459573889734,0.0,1.029275684748427,2.449739456176758,0.81116180419031,16,0.0,0.0,-0.3399404485771811,-0.6840058462694287,-0.34406539769224764,-0.05389435992318099
sciq_0010,Which part of the atmosphere do greenhouse gasses trap heat in?,science,"Greenhouse gases trap heat in the lower portion of the atmosphere, specifically between the Earth's surface and about 20 kilometers above it.",1,0.0,0.0,-0.2540058864927102,-0.13677865266799927,-0.9176311492919922,-0.7155760705471038,-0.46642692387104034,0.2918109247550828,0.0,0.5972045895344179,1.921729564666748,0.565612585835918,28,0.0,0.0,-0.22436840065347496,-0.2836433723319455,-0.05927497167847051,-0.006181359679868474
sciq_0011,The lens and other parts of the eye work together to focus a real image on what eye structure?,science,The lens and other parts of the eye work together to focus a real image on the retina.,0,0.1333333333333333,0.0,-0.0669668924438156,-0.014934049919247627,-0.585691511631012,-0.20582322776317596,-0.04083048366010189,0.13693731812131069,0.0,0.20794158005293484,0.8933557271957397,0.26714047872140534,19,0.0,0.0,-0.035520479852897954,-0.09526866377564147,-0.05974818392274352,-0.008363706131942244
sciq_0012,Reacting with metal is one thing that distinguishes acids from what?,science,Acids react with metals to release hydrogen gas.,1,0.0,0.2222222222222222,-0.3450993287202436,-0.1531643159687519,-0.9347075819969177,-0.9079646706581116,-0.6974966004490852,0.3734012342593493,0.0,0.7417529567610472,1.9719123840332031,0.6994555525857102,10,0.0,0.0,-0.30856796600855885,-0.3816306914319284,-0.07306272542336956,0.02424689777033178
sciq_0013,What takes place where septa is found?,science,"Septa take place within cells, specifically in the cytoplasm.",1,0.1666666666666666,0.1666666666666666,-0.7794899492120878,-0.9428679347038269,-1.5776808261871338,-1.3374963998794556,-1.179255187511444,0.5276515614285396,0.0,1.7447226386032395,3.8412389755249023,1.1175395320851125,14,0.0,0.0,-0.7900493160954544,-0.7689305823287214,0.02111873376673301,-0.004048353396611545
sciq_0014,What branch of science explains much of what you observe and do in your daily life?,science,Physics explains much of what you observe and do in your daily life.,1,0.0,0.0,-0.15708741034593135,-0.047068219631910324,-0.6197775602340698,-0.5906383693218231,-0.10520952567458153,0.23314489748360284,0.0,0.4281039419833438,1.6468069553375244,0.5430229848174325,14,0.0,0.0,-0.2695654901409788,-0.0446093305508839,0.2249561595900949,0.032805585380417196
sciq_0015,What theory states that there is no interaction between individual gas particles?,science,The theory that states there is no interaction between individual gas particles is known as the kinetic molecular theory.,0,0.2105263157894736,0.1052631578947368,-0.26340844686747006,-0.042889177799224854,-1.031855583190918,-0.729015564918518,-0.6459323912858963,0.34265157674885416,0.0,0.7286947003856767,2.2369635105133057,0.8636589460853309,20,0.0,0.0,-0.22789804618805648,-0.29891884754688364,-0.07102080135882716,-0.0021038882746796626
sciq_0016,"Most mammals are viviparous, which refers to what reproductive result?",science,Most mammals reproduce by giving birth to live young.,0,0.3636363636363636,0.0,-0.29310341340024026,-0.14570539072155952,-0.8350656032562256,-0.6480327010154724,-0.5630074292421341,0.2997468749120936,0.0,0.6183170447126031,1.5727729797363281,0.5442485011618697,10,0.0,0.0,-0.2982689423020929,-0.2879378844983876,0.010331057803705301,-0.01136555404289428
sciq_0017,Toxins and poisons are ______ enzyme inhibitos,science,Toxins and poisons inhibit enzymes.,1,0.0,0.0,-0.35235529935744125,-0.0380551852285862,-1.6569042205810547,-1.199117660522461,-0.22243109345436096,0.5650235116840538,0.0,0.9403618292676078,4.217235088348389,1.332873032115285,9,0.0,0.0,-0.45479814434656873,-0.27040102336613925,0.18439712098042949,0.06136423083638272
sciq_0018,How did the first seed plants form seeds?,science,The first seed plants formed seeds by developing specialized structures to protect their embryos from drying out during unfavorable conditions.,1,0.0,0.0,-0.683961435376356,-0.7217677235603333,-1.6155238151550293,-1.4334853887557983,-0.851827085018158,0.46950270706126473,0.0,1.530744798836254,2.9357283115386963,0.8309770173766311,21,0.0,0.0,-0.4723902015015483,-0.8762989207170904,-0.40390871921554206,-0.03995507955430196
sciq_0019,"A thermite reaction is thermodynamically spontaneous, and because it is associated with a significant release of heat, it is regarded as what?",science,It is considered an exothermic reaction.,0,0.3333333333333333,0.0,-0.28374500513533957,-0.40004926919937134,-0.5636452436447144,-0.5475001096725464,-0.5191552639007568,0.2494845179741612,0.0,0.7131662240095061,1.594018578529358,0.6206851916163867,9,0.0,0.0,-0.3937386586330831,-0.1957500823371447,0.1979885762959384,0.00531418495390122
sciq_0020,"The right and left hip bones, with the addition of the sacrum and coccyx form what section of the skeleton?",science,"The pelvis is formed by the right and left hip bones, along with the sacrum and coccyx.",0,0.1333333333333333,0.0,-0.1645303581263642,-0.01401628740131855,-1.0120501518249512,-0.6413670063018799,-0.12932957336306572,0.29302520362168716,0.0,0.41966109273562324,1.907796025276184,0.6253055879226401,23,0.0,0.0,-0.23967649376771244,-0.09564640045512836,0.1440300933125841,0.016853950348276463
sciq_0021,Organs involved in digestion that do not have food pass through them are called?,science,The organs involved in digestion that do not contain food are called the exocrine glands.,1,0.1333333333333333,0.1333333333333333,-0.2676186218467431,-0.12417622655630112,-1.0977232456207275,-0.8221147298812866,-0.34973666071891785,0.33076822267771044,0.0,0.8546139394097468,2.5275211334228516,0.7837693290104889,17,0.0,0.0,-0.10859023822558811,-0.40897718506554764,-0.30038694683995953,-0.013232095491890927
sciq_0022,"Sponges exemplify what type of arrangement, where different cells are specialized for different functions, but each cell works alone?",science,"Sponges exemplify radial symmetry, where all cells work together to perform various functions without any specialization.",1,0.0,0.0,-0.5211335199448859,-0.4178493022918701,-1.6615227460861206,-1.5960230827331543,-0.7514601349830627,0.5215684261041399,0.0,1.3191838145195063,2.932152271270752,0.9334361438680353,21,0.0,0.0,-0.30660035883229286,-0.7161636664108797,-0.40956330757858683,-0.041912620202700576
sciq_0023,What form the skeletons of most organic molecules?,science,Most organic molecules are composed primarily of carbon atoms bonded together through covalent bonds.,0,0.125,0.0,-0.3383591457183202,-0.3679219186306,-0.9716693162918091,-0.8852912187576294,-0.4453091621398926,0.338207523707695,0.0,0.8742044436071678,2.1380014419555664,0.7450493320989189,17,0.0,0.0,-0.3149837333476171,-0.3591372900478341,-0.044153556700217034,0.007619999119249173
sciq_0024,What type of eclipse happens when a full moon moves through earth's shadow?,science,"A lunar eclipse occurs when a full moon passes through Earth's umbra, the darkest part of its shadow.",0,0.1176470588235294,0.0,-0.14439336459062443,-0.10963614657521248,-0.552805483341217,-0.3626859039068222,-0.18905138224363327,0.15475427070199277,0.0,0.4760693285233257,1.820244550704956,0.4586339355979561,22,0.0,0.0,-0.11326310690492392,-0.17552362227632495,-0.06226051537140104,-0.005257165473096364
sciq_0025,Enzymes can catalyze up to several million reactions per what?,science,Enzymes can catalyze up to several million reactions per second.,0,0.1818181818181818,0.0,-0.051616835788081517,-0.0019255208317190409,-0.552370548248291,-0.057805687189102166,-0.028969349339604378,0.13536571928497515,0.0,0.21360226905283827,1.996870756149292,0.4861081999418865,15,0.0,0.0,-0.08377995867132475,-0.023474103265243684,0.06030585540608106,0.01180810866406188
sciq_0026,The lithosphere is divided into a dozen major and several minor what?,science,The lithosphere is divided into a dozen major tectonic plates and several minor fault zones.,1,0.1428571428571428,0.1428571428571428,-0.1868777314466809,-0.008456257171928883,-1.4703890085220337,-0.6755915284156799,-0.14994681626558304,0.3681591212291655,0.0,0.4816611277653321,3.1268162727355957,0.8423821119759555,19,0.0,0.0,-0.07963424189721183,-0.2833968720412031,-0.2037626301439913,-0.015327287416810003
sciq_0027,The energy required to remove an electron from a gaseous atom is called?,science,The energy required to remove an electron from a gaseous atom is called ionization energy.,0,0.2857142857142857,0.1428571428571428,-0.04305772002877156,-0.003201599232852459,-0.4969334006309509,-0.1186147838830948,-0.015397194772958755,0.1130512691093489,0.0,0.14643168776437002,1.3545172214508057,0.31651193658700777,19,0.0,0.0,-0.07062641140833471,-0.018245897787164723,0.052380513621169994,0.008969121491546711
sciq_0028,"What substance, which forms igneous rock, flows out in rivers of lava when it reaches the surface?",science,"Magma is the substance that, when it reaches the Earth's surface as lava, forms igneous rocks through cooling and solidification processes.",0,0.0952380952380952,0.0,-0.29091107459264876,-0.2418064922094345,-1.0513477325439453,-0.593983381986618,-0.4902491271495819,0.2729992753983993,0.0,0.8230236889919199,2.39277720451355,0.6581286728116377,28,0.0,0.0,-0.28931422570271287,-0.29250792348258464,-0.0031936977798717736,0.003209880363063203
sciq_0029,What is it called when birds keep their eggs warm while the embryos inside develop?,science,It is called incubation.,0,0.4,0.0,-0.16440520039880843,-0.03117596171796322,-0.5665801763534546,-0.45879410207271576,-0.27336885314434767,0.2176396712740726,0.0,0.3926994256908074,1.375093698501587,0.4817478986097129,6,0.0,0.0,-0.31934651111563045,-0.009463889681986378,0.3098826214336441,0.10886255362940055
sciq_0030,The lancelet lacks what feature that distinguishes vertebrates?,science,The lancelet lacks a backbone that distinguishes it from other vertebrates.,0,0.1999999999999999,0.0,-0.20875877338500384,-0.10465876013040543,-0.7144116163253784,-0.5765871644020081,-0.33938276767730713,0.23719050330747302,0.0,0.5462506485792498,1.8358943462371826,0.48993161029623034,15,0.0,0.0,-0.27641001829345313,-0.1495639340901107,0.12684608420334242,0.0099008975628489
sciq_0031,What are the smallest structural and functional unit of all living organisms?,science,The smallest structural and functional unit of all living organisms is the cell.,1,0.0,0.0,-0.05802500105970206,-0.004192768945358694,-0.500201404094696,-0.16171025075018405,-0.020789900328963995,0.13390461054499952,0.0,0.15606820116019143,1.0124458074569702,0.27604727953480784,14,0.0,0.0,-0.07822898094933148,-0.037821021170072654,0.040407959779258824,0.012850880539646016
sciq_0032,Population size is the number of what in a population?,science,Population size is the number of individuals in a population.,0,0.2222222222222222,0.0,-0.20117070566762282,-0.016931038349866867,-0.6165614128112793,-0.5602132081985474,-0.47780635952949524,0.25411229045011335,0.0,0.3661608673547479,1.214836597442627,0.43196754146678296,11,0.0,0.0,-0.2475231767661171,-0.16254364641887756,0.08497953034723954,0.018084236032816323
sciq_0033,What does jupiter reflect a lot of due to its size?,science,"Jupiter reflects a lot of light due to its large size, which causes it to appear bright and prominent in our night sky.",1,0.0,0.0,-0.4972433314251248,-0.29719583690166473,-1.7068196535110474,-1.2133848667144775,-0.803931251168251,0.5107955179837466,0.0,1.1521590907807246,3.9968998432159424,1.027710908272763,26,0.0,0.0,-0.2829128629930962,-0.7115737998571533,-0.4286609368640571,-0.02801573454933718
sciq_0034,There are 20 different common amino acids needed to make what organic compound?,science,There are 20 different common amino acids needed to make proteins.,0,0.1666666666666666,0.0,-0.12119108402319918,-0.008657822385430336,-0.6886757016181946,-0.4668227195739746,-0.1255420409142971,0.22004453550015143,0.0,0.3352483708211886,1.8479491472244263,0.5099991296781257,14,0.0,0.0,-0.10650087961195302,-0.13588128843444533,-0.029380408822492307,0.00564297480511245
sciq_0035,Non-human organisms that mainly consume plants/other primary producers are known as what?,science,Herbivores.,0,1.0,0.0,-0.13402708782396075,-0.0016495682066306472,-0.40651464462280273,-0.348546576499939,-0.2615944743156433,0.16963041129591264,0.0,0.4094541150596342,1.084829568862915,0.49657589259639756,5,0.0,0.0,-0.13162202126113698,-0.13563046553250993,-0.004008444271372952,-0.02885610871016978
sciq_0036,What is the mechanism by which favorable traits become more common in organisms over the course of generations?,science,"Favorable traits become more common through natural selection, where individuals with these traits have higher survival rates and reproduce more, passing them on to their offspring.",0,0.1428571428571428,0.0714285714285714,-0.2640519153088066,-0.11681575328111649,-1.3091397285461426,-0.9631223678588867,-0.37169456481933594,0.35210065866289947,0.0,0.6109233370544027,1.9768948554992676,0.5697935073708831,31,0.0,0.0,-0.124426046244677,-0.3949511675564281,-0.2705251213117511,-0.01326480879711116
sciq_0037,How do multicellular organisms grow in size?,science,"Multicellular organisms grow by increasing their cell number through division and differentiation of existing cells, as well as by adding new layers to their body structure.",1,0.25,0.25,-0.6243600212476319,-0.6120764315128326,-2.0054073333740234,-1.1796294093132018,-0.9849287122488022,0.5320546551511545,0.0,1.3941031067527243,3.6512718200683594,1.0314918919782192,30,0.0,0.0,-0.5509122810815976,-0.6978077614136661,-0.14689548033206845,-0.019017463484187747
sciq_0038,A vapor light produces visible light by what process?,science,A vapor light produces visible light through the discharge of electrically charged gas atoms into a vacuum chamber.,1,0.0,0.0,-0.4933036859265485,-0.25188033282756805,-1.6645270586013794,-1.412742507457733,-0.6527661085128784,0.5439735762887357,0.0,1.1087441454772489,3.0106654167175293,0.9306454807902085,20,0.0,0.0,-0.28515802978108695,-0.70144934207201,-0.4162913122909231,-0.03808460817621708
sciq_0039,Which kind of muscle regulates air flow in lungs?,science,The diaphragm is the primary muscle that regulates air flow in the lungs.,1,0.0,0.0,-0.13448875518184877,-0.056538647040724754,-0.3876141607761383,-0.32520727813243866,-0.2593802586197853,0.13890623425951107,0.0,0.4243728759097394,1.0902804136276245,0.39292100231933036,16,0.0,0.0,-0.16951130271547754,-0.09946620764822,0.07004509506725753,0.0012551644367423407
sciq_0040,"What useful tool helps scientists work with, understand and make predictions about extremely complex systems?",science,"Computational tools help scientists work with, understand, and make predictions about extremely complex systems.",1,0.0,0.0,-0.17320951824917252,-0.01644096989184618,-0.9995508193969727,-0.4727460175752639,-0.2172544188797474,0.2864684113008559,0.0,0.44876238371297306,2.0046799182891846,0.5875718278707227,18,0.0,0.0,-0.2836504396174051,-0.06276859688093989,0.22088184273646522,0.028888030259707074
sciq_0041,Water can be broken down into hydrogen and oxygen gases by the addition of what?,science,Electrolysis with electricity is used to break water down into hydrogen and oxygen gases.,1,0.0,0.0,-0.21376017442788806,-0.053316257894039154,-1.0065377950668335,-0.6514654457569122,-0.26417943462729454,0.30068411485493907,0.0,0.5258305131477149,1.8303757905960083,0.6133964822314151,18,0.0,0.0,-0.36704645162010113,-0.06047389723567499,0.30657255438442615,0.027511502147033448
sciq_0042,A moraine is sediment deposited by what?,science,A moraine is sediment deposited by moving ice.,1,0.0,0.0,-0.2787861846125452,-0.026659646071493626,-1.204958438873291,-1.1161563992500305,-0.2692253217101097,0.4491684400752821,0.0,0.5677687745075672,2.060448169708252,0.7465947870960513,10,0.0,0.0,-0.025013771414523944,-0.5325585978105665,-0.5075448263960425,-0.10827520349976662
sciq_0043,Hertz proved that what type of waves travel at the speed of light?,science,Hertz proved that electromagnetic waves travel at the speed of light.,0,0.1818181818181818,0.0,-0.0132766597461376,-0.0008299481705762446,-0.06937851011753082,-0.03487790562212467,-0.01912265084683895,0.01999231645966461,0.0,0.07502123131689586,0.3076454997062683,0.10229321823563861,13,0.0,0.0,-0.016994681063806638,-0.010089784330992708,0.00690489673281393,0.0020645495485521197
sciq_0044,What does a continuous string of earthquakes indicate about a volcano?,science,A continuous string of earthquakes indicates that a volcano is likely to be erupting soon.,1,0.125,0.125,-0.37187814432100447,-0.13737769424915314,-1.407739281654358,-1.09465754032135,-0.47087952494621277,0.4425860185657801,0.0,0.8551680513055009,2.8696773052215576,0.8290919784252327,17,0.0,0.0,-0.20928450191422598,-0.5164058264603631,-0.30712132454613716,-0.04407445738459
sciq_0045,Mollusks have a true coelom and a complete what?,science,Mollusks have a true coelom and a complete digestive system.,0,0.4,0.2,-0.037788924788401346,-0.01499244337901473,-0.27328920364379883,-0.08217106759548187,-0.038394542410969734,0.06689011932381357,0.0,0.2000356552125595,1.3173885345458984,0.3160826758658387,16,0.0,0.0,-0.046165888995346904,-0.029411960581455787,0.016753928413891117,0.002746253564584867
sciq_0046,What is a large molecule with many repeating units?,science,A polymer is a large molecule composed of many repeating units.,0,0.1999999999999999,0.0,-0.19356228171576126,-0.08591906353831291,-0.651519775390625,-0.583460220694542,-0.276331789791584,0.2230687379321443,0.0,0.5333778865945836,1.4466817378997803,0.4810818578432258,12,0.0,0.0,-0.14573047725328556,-0.24139408617823696,-0.0956636089249514,-0.002449222574567341
sciq_0047,How many viruses that can cause cancer in humans have been identified by scientists?,science,Scientists have identified over 100 viruses that can cause cancer in humans.,1,0.0,0.0,-0.35984127515985165,-0.18624814599752426,-1.211676001548767,-0.9210527241230011,-0.6371613293886185,0.3951588425526251,0.0,0.7853505869861692,2.4242303371429443,0.6961552812912087,16,0.0,0.0,-0.3467775290191639,-0.3729050213005394,-0.026127492281375453,0.024189223650062215
sciq_0048,What geologic era is also known as the age of mammals?,science,The Paleogene period is also known as the age of mammals.,1,0.0,0.1818181818181818,-0.34114956469805363,-0.015205304138362408,-1.4092345237731934,-1.079048478603363,-0.5720177888870239,0.4689877487062787,0.0,0.6499184932654316,2.3268795013427734,0.8024496721613237,13,0.0,0.0,-0.620250425223882,-0.10192025567591502,0.518330169547967,0.057284765149573647
sciq_0049,What 3 things do animals need to live and survive?,science,"Animals require food for energy, water for hydration, and shelter from their environment.",1,0.3529411764705882,0.3529411764705882,-0.2508137031074816,-0.14017844200134277,-1.0075559616088867,-0.6448260068893432,-0.31938260793685913,0.27810811171318556,0.0,0.6100764195849104,1.9809454679489136,0.47858742889546513,17,0.0,0.0,-0.2124378762673551,-0.284925549187594,-0.07248767292023889,-0.013604700848387639
sciq_0050,What type of particle collides with an atom of u-235 during the basic nuclear fission process?,science,A neutron collides with an atom of U-235 during the basic nuclear fission process.,0,0.1538461538461538,0.0,-0.060313172610936557,-0.004145719110965729,-0.9409855604171753,-0.061231087893247604,-0.017363794147968292,0.19942024583901655,0.0,0.14224538469231143,1.424475073814392,0.3114153386784701,21,0.0,0.0,-0.1095142528269207,-0.015584917869132782,0.09392933495778792,0.01250026984086334
sciq_0051,Earth's axis is an imaginary line passing through which poles?,science,The Earth's axis is an imaginary line passing through its North Pole and South Pole.,0,0.3529411764705882,0.2352941176470588,-0.12131098190002376,-0.012236995622515678,-0.5081723928451538,-0.4505285918712616,-0.22144371271133423,0.17858157554831428,0.0,0.2715653966759633,1.1350058317184448,0.34212516694908046,17,0.0,0.0,-0.08576646116853226,-0.15290611143912733,-0.06713965027059507,0.003783306960405534
sciq_0052,"In a plant, the flower contains what?",science,The flower contains reproductive organs such as stamens (male) and pistils (female).,1,0.1428571428571428,0.1428571428571428,-0.27475251150577856,-0.13448071479797363,-1.0462265014648438,-0.6341758251190186,-0.5033338665962219,0.2935939724324046,0.0,0.6303793545173448,2.222440242767334,0.5711823227554336,19,0.0,0.0,-0.371446409987078,-0.18772800287260907,0.18371840711446893,0.012942396542629207
sciq_0053,What cycle is part of cellular respiration and makes atp and naph?,science,The electron transport chain is part of cellular respiration that produces ATP and NADH.,1,0.0,0.0,-0.17971068127821532,-0.06297589652240276,-1.029246211051941,-0.4628992140293121,-0.24508696421980858,0.26260325847804156,0.0,0.4859497844251261,1.6549571752548218,0.5293114655456769,18,0.0,0.0,-0.1536612795343899,-0.2057600830220407,-0.05209880348765081,0.004938946696244881
sciq_0054,What are people with osteoporosis at increased risk of?,science,"People with osteoporosis are at increased risk of fractures, particularly of the hip, spine, and wrist.",0,0.1176470588235294,0.0,-0.12589090862990238,-0.03355857823044062,-0.7800208926200867,-0.4134322971105575,-0.11536887101829052,0.21727054014729952,0.0,0.33062399199281406,1.4573915004730225,0.4161734107061279,22,0.0,0.0,-0.0381018629242879,-0.21367995433551681,-0.1755780914112289,-0.005190962607249176
sciq_0055,What is the most abundant metal of the earth's crust?,science,The most abundant metal in the Earth's crust is aluminum.,0,0.1999999999999999,0.0,-0.23617547909573963,-0.03000602824613452,-0.760932207107544,-0.5827834010124207,-0.49386215955018997,0.27960057255884524,0.0,0.4102294919042227,1.117675542831421,0.4557336114822533,12,0.0,0.0,-0.30414936516899616,-0.16820159302248308,0.13594777214651307,0.0028986595623957355
sciq_0056,What is the middle layer of connective tissue called?,science,The middle layer of connective tissue is called the dermis.,1,0.0,0.0,-0.08392459254593213,-0.001718236249871552,-0.8900027275085449,-0.12273687422275542,-0.007121654227375984,0.23579410940846457,0.0,0.23899538522136238,2.2475311756134033,0.5955449333651464,13,0.0,0.0,-0.002334617678570794,-0.15385885671795613,-0.15152423903938533,-0.021151075846489054
sciq_0057,About how tall can mid-ocean ridges be?,science,Mid-ocean ridges typically extend for thousands of kilometers and can reach heights of several hundred meters above sea level.,1,0.0,0.0869565217391304,-0.4105727421337297,-0.4041235148906708,-0.984647810459137,-0.8237753987312317,-0.7800367474555969,0.3645273241506455,0.0,0.8880633101102633,2.2859339714050293,0.7009705990342305,23,0.0,0.0,-0.2847690439645124,-0.5258927987888455,-0.24112375482433313,-0.011848460013908716
sciq_0058,"Competition that occurs between members of the same species, which improves the species’ adaptations, is called what?",science,Natural selection.,1,0.0,0.0,-0.46461041023333866,-0.313681960105896,-1.0220719575881958,-0.8803939580917358,-0.6678769588470459,0.4077629756686508,0.0,1.1213563829660416,2.261259078979492,0.8497455129515934,3,0.0,0.0,-1.0220719575881958,-0.1858796365559101,0.8361923210322857,0.35419499874115007
sciq_0059,What is the term for a measure of both speed and direction?,science,The term for a measure of both speed and direction is velocity.,0,0.1818181818181818,0.0,-0.015581359030420572,-0.0026908640284091234,-0.09279139339923859,-0.05555649697780608,-0.012271851301193237,0.02801173320535087,0.0,0.07676645757993146,0.36330053210258484,0.11733571374154832,13,0.0,0.0,-0.030153522035107017,-0.0030909335978321906,0.027062588437274826,0.0039119291481791085
sciq_0060,"Cnidarians are an example of organisms that possess a simple type of what system, used for sensing touch?",science,Cnidarians have a simple nervous system used for sensing touch.,0,0.3636363636363636,0.1818181818181818,-0.19690036926140936,-0.23631978034973145,-0.3950193524360657,-0.3669391512870789,-0.34059321880340576,0.1463533452827079,0.0,0.748340021729326,1.6774612665176392,0.5888095297841454,13,0.0,0.0,-0.19828235364790694,-0.19571581121584,0.0025665424320669428,-0.0007948156449096895
sciq_0061,"The lens focuses light on the retina , which covers the back of the inside of the eye. the retina has light-sensing photoreceptor cells called?",science,The retina has light-sensing photoreceptor cells called rods and cones.,0,0.4615384615384615,0.3076923076923076,-0.0420915730377601,-0.0017924923449754715,-0.2937300503253937,-0.13605220317840575,-0.02616205718368292,0.08038753721219787,0.0,0.1736688837913486,1.1951920986175537,0.31339175514411416,15,0.0,0.0,-0.08412142329325434,-0.0053154540642026404,0.0788059692290517,0.011606819592946387
sciq_0062,What is the the process by which remains or traces of living things become fossils called?,science,The process by which remains or traces of living things become fossils is called fossilization.,0,0.1333333333333333,0.0,-0.019079996848979458,-0.0012343652779236436,-0.17105376720428467,-0.04641193673014641,-0.006024060770869255,0.04128584521217114,0.0,0.07439244267879985,0.46439096331596375,0.12339513072686373,17,0.0,0.0,-0.011270143622766682,-0.026022088605613034,-0.014751944982846352,-0.0010264387488585743
sciq_0063,How does increasing the temperature of reactants affect the rate of their reaction?,science,"Increasing the temperature of reactants generally increases the rate of their reaction by providing more kinetic energy to molecules, leading to more frequent and energetic collisions that can overcome activation energy barriers.",0,0.0606060606060606,0.0,-0.22033076387763556,-0.08647964149713516,-1.4070581197738647,-0.5534807801246643,-0.3494647741317749,0.30230324987039364,0.0,0.5417324935086072,2.267390012741089,0.5600650816450021,35,0.0,0.0,-0.1393244542996399,-0.2968367229235203,-0.1575122686238804,-0.009911719737303799
sciq_0064,Soap acts as what kind of agent between grease and water?,science,Soap acts as an emulsifier between grease and water.,1,0.0,0.0,-0.08351741907851344,-0.013352583395317197,-0.4512316584587097,-0.16746213287115097,-0.1534038707613945,0.12862098766650323,0.0,0.2569553309585899,0.7458125352859497,0.29687556426759704,12,0.0,0.0,-0.060496533483577274,-0.1065383046734496,-0.04604177118987233,0.007626203388182067
sciq_0065,"""incident"" and ""reflected"" are two types of what?",science,Incident and reflected are both types of light phenomena.,1,0.0,0.0,-0.4530518601690842,-0.32435643672943115,-1.4406598806381226,-1.0382392406463623,-0.7512502670288086,0.4598349364258462,0.0,1.099473838017068,2.7238855361938477,0.939189164502158,11,0.0,0.0,-0.3849930895958096,-0.5097675023134798,-0.1247744127176702,0.0007190976418893415
sciq_0066,"In the inner ear, the vibrations are changed to electrical signals by hair cells lining what?",science,The vibrations are changed to electrical signals by hair cells lining the cochlea.,0,0.1666666666666666,0.0,-0.16179044848274013,-0.006325462367385626,-1.0330309867858887,-0.38997033834457395,-0.26479532569646835,0.2724963826189407,0.0,0.39496552263153717,1.854881763458252,0.5356631983358647,15,0.0,0.0,-0.2576554834777198,-0.07790854286213289,0.17974694061558694,0.025251310649829453
sciq_0067,What part of the neuron is a large structure with a central nucleus?,science,The cell body is a large structure with a central nucleus found within neurons.,0,0.3076923076923077,0.1538461538461538,-0.24119108747205853,-0.06129477545619011,-1.1243687868118286,-0.6060866355895995,-0.39616866409778595,0.3196760275476332,0.0,0.5292568258630733,1.6708135604858398,0.5529832364138019,15,0.0,0.0,-0.2967888902307355,-0.19254301005821617,0.10424588017251935,0.012312927419251139
sciq_0068,"When equal amounts of a strong acid such as hydrochloric acid are mixed with a strong base such as sodium hydroxide, the result is what kind of solution?",science,The result is an exothermic neutralization reaction that produces water and salt.,1,0.0,0.0,-0.3029862453245187,-0.15990842133760452,-0.9811564683914185,-0.6625611186027527,-0.5120332092046738,0.29775643972976956,0.0,0.7797949808118574,1.9199731349945068,0.613778205470637,16,0.0,0.0,-0.31422368002404255,-0.2917488106249948,0.022474869399047748,0.001044436477808188
sciq_0069,Light is a form of what kind of energy?,science,Light is a form of electromagnetic energy.,0,0.5,0.25,-0.010807687824865297,-0.0024579312885180116,-0.06434811651706696,-0.026824978645890948,-0.006640573497861624,0.020503008520667235,0.0,0.054207684315770166,0.27620598673820496,0.08608986752339019,8,0.0,0.0,-0.018348660494666547,-0.0032667151550640483,0.015081945339602498,0.0019141859020832953
sciq_0070,What organs are considered the female gonads?,science,The ovaries and uterus are considered the female gonads.,1,0.25,0.25,-0.13301750273240032,-0.07822797447443008,-0.491979718208313,-0.38780251145362854,-0.17999878153204918,0.15606578861071693,0.0,0.4329780332072251,1.013231635093689,0.36096055477203015,12,0.0,0.0,-0.1929680509492755,-0.07306695451552514,0.11990109643375035,0.015565186342199238
sciq_0071,The type of bond that forms between molecules is called what?,science,The type of bond that forms between molecules is called a chemical bond.,1,0.1538461538461538,0.1538461538461538,-0.018281484175271805,-0.002612139447592199,-0.19884130358695984,-0.014848420955240726,-0.009030453162267804,0.050308435065538844,0.0,0.09089878487014046,0.8670559525489807,0.21729970959158557,14,0.0,0.0,-0.031168606281426037,-0.005394362069117571,0.025774244212308464,0.005302062946054156
sciq_0072,What crucial role does beneficial fungi play?,science,"Beneficial fungi play a crucial role by aiding in nutrient cycling, supporting plant growth, and contributing to soil health through mycorrhizal associations.",1,0.0,0.0869565217391304,-0.39427979615482706,-0.21563692390918732,-1.8803520202636719,-1.0516352236270903,-0.42915666848421097,0.5390982869107733,0.0,0.8472487480493631,3.0123839378356934,0.8430562047847024,30,0.0,0.0,-0.42486142054194714,-0.3636981717677069,0.06116324877424023,0.00194927039650747
sciq_0073,What do ecologists study at every level?,science,"Ecologists study organisms and their interactions across all levels of biological organization, from molecules to ecosystems.",0,0.1176470588235294,0.0,-0.26626669048748325,-0.05917847901582718,-1.1320503950119019,-0.8057625651359558,-0.4895901679992676,0.3499040160087693,0.0,0.6189345299315295,2.0234131813049316,0.6276891507843572,19,0.0,0.0,-0.35680506692733616,-0.18478215169161558,0.17202291523572058,0.00743671846841543
sciq_0074,What phase does the nuclear envelope begin to break down?,science,The nuclear envelope begins to break down during mitosis.,1,0.0,0.0,-0.24700412760417254,-0.051221415400505066,-1.1109020709991455,-0.5152794122695923,-0.4106508046388626,0.3290008957346547,0.0,0.6884578586587767,2.003873825073242,0.7146601568260064,11,0.0,0.0,-0.19984259270131588,-0.2863054066898864,-0.08646281398857053,-0.029979900593289956
sciq_0075,How do prokaryotic cells divide?,science,"Prokaryotic cells divide through binary fission, where the cell splits into two identical daughter cells.",0,0.25,0.125,-0.2001858733575708,-0.03703147917985916,-1.03139328956604,-0.6182378530502319,-0.25475022196769714,0.2813133682695494,0.0,0.5084183328324885,1.8648512363433838,0.5803503250459566,21,0.0,0.0,-0.10565135336437378,-0.286126346078659,-0.18047499271428522,-0.011180181978162689
sciq_0076,What is the name of the molecule which has one carbon and four hydrogen atoms?,science,The molecule with one carbon and four hydrogen atoms is methane (CH4).,0,0.1666666666666666,0.1538461538461538,-0.05740063812457568,-0.004368762020021677,-0.3871844708919525,-0.1451989620923996,-0.07486349251121283,0.10314256329943072,0.0,0.20703274245994788,1.1645349264144897,0.3291125448277245,15,0.0,0.0,-0.08111198339923119,-0.03665321100925212,0.04445877238997907,0.008596385144249194
sciq_0077,Most fungi get organic compounds from what?,science,Most fungi obtain organic compounds from decaying matter such as dead plants and animals.,0,0.125,0.0,-0.26764283196526506,-0.121100302785635,-0.8783369064331055,-0.7659754455089569,-0.42052043229341507,0.2935789858299992,0.0,0.6903234140716563,1.839016318321228,0.5961425204506956,16,0.0,0.0,-0.2893140976315749,-0.24597156629895522,0.04334253133261967,0.007391728750902072
sciq_0078,"What nervous system is divided into two parts, the sensory division and the motor division?",science,The autonomic nervous system is divided into two parts: the sensory division and the motor division.,1,0.0,0.0,-0.1561090309530396,-0.025692051276564598,-0.9636970162391663,-0.504444670677185,-0.1283288523554802,0.27299795721936004,0.0,0.34897270763375626,1.6079835891723633,0.4689596320048527,19,0.0,0.0,-0.11200315808395721,-0.19580431653521374,-0.08380115845125653,0.0024491446604203854
sciq_0079,We must remember that the formal charge calculated for an atom is not the actual charge of the atom in the molecule. formal charge is only a useful bookkeeping procedure; it does not indicate the presence of these?,science,Electrons in bonds.,1,0.0,0.4,-0.8584943935275078,-0.899205207824707,-1.5329563617706299,-1.4846555709838867,-1.412204384803772,0.5748384198809391,0.0,2.112832310795784,3.100260019302368,1.0915734182646084,5,0.0,0.0,-0.4591515325009823,-1.1247229675451915,-0.6655714350442092,-0.05734644010663026
sciq_0080,What are most cells surrounded by?,science,Most cells are surrounded by a cell membrane.,1,0.0,0.0,-0.12358618437105583,-0.018810225650668144,-0.5781533718109131,-0.4171648740768433,-0.08990312367677689,0.19681316199532634,0.0,0.40659419178134865,1.6469769477844238,0.5628113554094527,9,0.0,0.0,-0.015953541733324528,-0.20969229848124088,-0.19373875674791635,-0.04372850420574346
sciq_0081,Humans are among the most versatile of mammals with what type of diet?,science,"Humans have an omnivorous diet, consuming both plant and animal products.",1,0.0,0.0,-0.3716896413776946,-0.11311781406402588,-1.0823640823364258,-0.8785890698432922,-0.7850825786590576,0.39676211802076233,0.0,0.6971642314223573,1.7081280946731567,0.6150568889309398,15,0.0,0.0,-0.16099288194839442,-0.5560493058783322,-0.3950564239299378,-0.024198414523717866
sciq_0082,What particles ancient greeks propose that matter consists of ?,science,"Ancient Greeks proposed four basic elements: earth, air, fire, and water.",1,0.0,0.0,-0.18365147824464229,-0.0974254459142685,-0.7187271118164062,-0.4608001530170441,-0.36571696400642395,0.21259711172949294,0.0,0.4634213099625948,1.4974244832992554,0.44242032881078946,17,0.0,0.0,-0.20652742137281166,-0.16331730657515842,0.04321011479765324,0.00993973395056587
sciq_0083,Solute potential is also called osmotic potential because solutes affect the direction of what?,science,The movement of water across a semipermeable membrane due to concentration gradients.,1,0.0,0.0,-0.31707972246761074,-0.24505792558193207,-1.0293078422546387,-0.8269546031951904,-0.4975344389677048,0.33823736354716133,0.0,0.8008891756046523,2.2812349796295166,0.7894285781991278,16,0.0,0.0,-0.3665007411436818,-0.26765870379153966,0.09884203735214214,0.011913169550342977
sciq_0084,"The components of a mixture keep their own identity when they combine, so they retain what type of properties, such as boiling point and ability to dissolve?",science,The components of a mixture retain physical properties like boiling point and solubility.,0,0.1666666666666666,0.0,-0.31199942596569485,-0.047281716018915176,-1.84159517288208,-0.8526538610458374,-0.4348229765892029,0.4909125713955021,0.0,0.6341605307202371,2.6237003803253174,0.7488752163291464,16,0.0,0.0,-0.3498327334636997,-0.27416611846769,0.07566661499600968,0.021600269886588332
sciq_0085,What term is used to describe  is the spontaneous emission of particles and radiation from atomic nuclei?,science,The term used to describe this phenomenon is radioactive decay.,1,0.0,0.0,-0.21349370306283658,-0.1544598937034607,-0.7048423290252686,-0.5597187876701355,-0.35491831600666046,0.24706739456596086,0.0,0.5657671776769514,1.7751632928848267,0.5628420015848608,11,0.0,0.0,-0.21829709184239618,-0.20949087907987027,0.008806212762525911,0.03222212067207277
sciq_0086,What are atoms with unstable nuclei are considered to be?,science,Radioactive elements.,0,0.6666666666666666,0.0,-0.32948063107323833,-0.28011152148246765,-0.756844162940979,-0.669587129354477,-0.5387015789747238,0.3019140917723205,0.0,0.8216729543637484,1.56170654296875,0.6285909870473898,4,0.0,0.0,-0.378849740664009,-0.28011152148246765,0.09873821918154135,0.15226934469537823
sciq_0087,What type of organism generally lives in or on its host?,science,Parasites generally live in or on their hosts.,1,0.0,0.0,-0.21419437415756254,-0.030023466795682907,-1.1440612077713013,-0.9215734601020813,-0.11253183707594872,0.3914008229200289,0.0,0.504476845981282,2.557311773300171,0.8252272652163456,11,0.0,0.0,-0.4198576054999421,-0.042808348038912904,0.3770492574610292,0.060818846510760104
sciq_0088,Cardiac muscle is found only in which part of the heart?,science,"Cardiac muscle is found exclusively in the myocardium, the middle layer of the heart.",1,0.0,0.0,-0.3415248514231482,-0.1351940594613552,-1.1903297901153564,-0.898571789264679,-0.6510747373104095,0.38819017509867354,0.0,0.6938792158228656,1.936964750289917,0.606604062812423,18,0.0,0.0,-0.2893337178045638,-0.3937159850417326,-0.10438226723716881,-0.016376523555438612
sciq_0089,"What occurs not only as organisms grow, but as they reproduce.",science,Cell division is a process that occurs both during growth and reproduction in organisms.,0,0.2666666666666667,0.1333333333333333,-0.29919925595944125,-0.17396478354930878,-1.0202655792236328,-0.8381218671798706,-0.3959004282951355,0.3235195639000151,0.0,0.8116867425541083,2.4948103427886963,0.6903976448988701,15,0.0,0.0,-0.4390765191721065,-0.1768066506483592,0.2622698685237473,0.03445810141441012
sciq_0090,"What anatomical structures insulate, protect and provide sensory input?",science,"The skin, hair, fat, and bones insulate, protect, and provide sensory input.",0,0.1666666666666666,0.0,-0.5222582392644223,-0.32446786761283875,-1.8695236444473267,-1.198795986175537,-0.8360064029693604,0.5701514783717732,0.0,1.1946135585710995,3.422105312347412,1.0732274412323806,19,0.0,0.0,-0.8915326926443312,-0.18991123122250428,0.7016214614218269,0.04599257099307898
sciq_0091,"Control of the body can be somatic or autonomic, offering one way to divide what organ system by function?",science,The nervous system is divided into somatic and autonomic functions based on control over voluntary versus involuntary movements.,0,0.2105263157894736,0.1052631578947368,-0.3788839238998965,-0.17975829541683197,-1.3902348279953003,-1.3265525102615356,-0.45091649889945984,0.46652140610797843,0.0,0.820549440069867,2.483337879180908,0.758247122180762,21,0.0,0.0,-0.29934353538556024,-0.4511933680038386,-0.15184983261827834,-0.020475653041885148
sciq_0092,What blood-carrying structures contain one-way valves that contribute to the return of blood to the heart?,science,Arteries contain one-way valves that help guide blood back to the heart.,1,0.0,0.0,-0.43440162359911483,-0.13236471638083458,-1.831803321838379,-1.1397172212600708,-0.6496005654335022,0.5381949736210092,0.0,0.852058245029184,2.7285070419311523,0.8881804621392295,16,0.0,0.0,-0.3354632281771046,-0.533340019021125,-0.19787679084402043,-0.004182342592085831
sciq_0093,"In astronomy, what are so dense that not even light can escape their gravity?",science,"Black holes are astronomical objects with such strong gravitational fields that nothing, not even light, can escape from them.",0,0.1904761904761905,0.0952380952380952,-0.2394474619650282,-0.1859588697552681,-1.3365559577941895,-0.49633322954177855,-0.3064677268266678,0.3168442164178035,0.0,0.6049089037643914,2.1394104957580566,0.6051522811786085,22,0.0,0.0,-0.3171936396022581,-0.16170128432779826,0.15549235527445984,0.010327187919575627
sciq_0094,"Water is considered a what since it is a polar molecule with slightly positive and slightly negative charges, so ions and polar molecules can readily dissolve in it?",science,Water is considered a solvent because it has a high degree of polarity that allows for the dissolution of many substances.,0,0.1052631578947368,0.0,-0.40754660494332545,-0.35310502350330353,-1.1230700016021729,-0.9187877416610718,-0.6643913388252258,0.3662329789975342,0.0,0.9629850284049595,2.439452648162842,0.73822556214457,22,0.0,0.0,-0.43794077110413293,-0.377152438782518,0.06078833232161496,-0.012699395387561667
sciq_0095,What kind of weather can you expect if a center of low pressure is moving your way?,science,"If a center of low pressure moves your way, you can expect cloudy skies, rain, or snow.",1,0.0,0.1176470588235294,-0.5091389658995078,-0.21072468161582947,-2.0473740100860596,-1.2467777729034424,-0.8356284499168396,0.5574400078810886,0.0,1.0280249672203874,3.843445062637329,1.0181935269219893,21,0.0,0.0,-0.15163277985552667,-0.8341445895758542,-0.6825118097203275,-0.053068405839444076
sciq_0096,What type of climate does the coast of california have?,science,"The coast of California has a Mediterranean climate characterized by mild, wet winters and hot, dry summers.",0,0.125,0.0,-0.1590570031518382,-0.03728869929909706,-0.8710169792175293,-0.509679764509201,-0.2272564433515072,0.23722938545683347,0.0,0.4094462337376171,1.4828330278396606,0.46423950556449767,20,0.0,0.0,-0.13838099285176214,-0.1797330134519143,-0.04135202060015217,-0.003159701329570139
sciq_0097,What rock group offers the richest source of fossils?,science,The band Muse is known for offering the richest source of fossils due to its extensive use of recycled materials in their concerts.,1,0.0,0.0,-0.6450636409008439,-0.5500527918338776,-2.0733182430267334,-1.38886821269989,-0.7651704251766205,0.526358253332917,0.0,1.8329169265222542,4.927950382232666,1.1895078037335445,24,0.0,0.0,-0.6165518648728417,-0.673575416928846,-0.05702355205600429,-0.004170706024571843
sciq_0098,What is another name for the vertebral column?,science,Another name for the vertebral column is spine.,1,0.0,0.2222222222222222,-0.21155068041280173,-0.003928800229914486,-1.1547917127609253,-0.9142789959907531,-0.0464097858639434,0.40956700821681946,0.0,0.32470241023765994,1.4497833251953125,0.5655290347776343,10,0.0,0.0,-0.19022397042936062,-0.23287739039624283,-0.04265341996688221,0.0015958651001049475
sciq_0099,The sex of developing crocodilians is determined by what during incubation?,science,The sex of developing crocodilians is primarily determined by temperature during incubation.,0,0.2857142857142857,0.1428571428571428,-0.1477879814044485,-0.027367502450942993,-1.1152759790420532,-0.4376930147409439,-0.08605773001909256,0.29248608784613495,0.0,0.390182082571755,2.166468381881714,0.5687692478401494,16,0.0,0.0,-0.14779390741023235,-0.14778205539866462,1.185201156772564e-05,0.014772748818475788
sciq_0100,"Like the frame of a house, what gives the cell an internal structure?",science,The cytoskeleton gives cells their internal structural framework.,0,0.25,0.0,-0.32404850312212313,-0.21065999567508698,-0.8330600261688232,-0.7605292201042175,-0.6227185130119324,0.3087069440491417,0.0,0.6674779998561875,1.5896081924438477,0.5291404225102282,11,0.0,0.0,-0.35009167694952337,-0.3023458582659562,0.04774581868356714,0.009320628302256481
sciq_0101,About half of what type of radiation is absorbed in the first 15 meters of water?,science,About half of gamma radiation is absorbed in the first 15 meters of water.,1,0.0,0.0,-0.1383517171278286,-0.0007407305529341102,-1.5298864841461182,-0.34977194964885705,-0.00516200577840209,0.3799313158143447,0.0,0.3322053420586813,3.048513650894165,0.8145036844208943,17,0.0,0.0,-0.2931504393745854,-0.0007528529084892296,0.29239758646609615,0.039433126025909676
sciq_0102,What kind of muscle is the heart mainly composed of?,science,The heart is primarily composed of cardiac muscle.,0,0.4444444444444445,0.2222222222222222,-0.18941679873063955,-0.09448764473199844,-0.6068665981292725,-0.498616361618042,-0.24042603373527527,0.20476798665557297,0.0,0.4436339987959299,1.0293697118759155,0.3523864861914418,9,0.0,0.0,-0.18895097757922485,-0.18978945565177127,-0.0008384780725464169,-0.03325491920792653
sciq_0103,What is the term for the force that a magnet exerts on certain materials?,science,The term for the force that a magnet exerts on certain materials is magnetic attraction or magnetic field interaction.,0,0.2222222222222222,0.1111111111111111,-0.20707282068886862,-0.046935319900512695,-0.8411369919776917,-0.7824726700782776,-0.3836066424846649,0.2912036836209819,0.0,0.4863922413900409,1.8167814016342163,0.5708346428915673,21,0.0,0.0,-0.11187080185586637,-0.2936201105370525,-0.18174930868118613,-0.02161186504640918
sciq_0104,Silk and cotton are examples of what kind of fiber?,science,Silk and cotton are examples of natural fibers.,0,0.2222222222222222,0.0,-0.01432097217766568,-0.0041409292607568204,-0.059968166053295135,-0.05744632631540299,-0.009707653429359198,0.02239721273344233,0.0,0.0756897926898091,0.31238120794296265,0.10540404772644794,10,0.0,0.0,-0.0026299839624698506,-0.02601196039286151,-0.023381976430391662,-0.0020438715692293816
sciq_0105,"The small, rocky bodies that orbit the sun are called what?",science,These are called planets.,1,0.0,0.0,-0.5708310969173909,-0.49035415053367615,-0.9942954778671265,-0.9479134321212769,-0.8783403635025024,0.34542740150075585,0.0,1.140087528526783,1.91591477394104,0.6453504825006023,5,0.0,0.0,-0.7343216389417648,-0.46183740223447484,0.27248423670729,0.19389492198824895
sciq_0106,About what percentage of the earth's water is fresh water?,science,Approximately 2.5% of Earth's water is fresh water.,1,0.0,0.0,-0.0886083805369708,-0.040699612349271774,-0.32232826948165894,-0.28278409838676455,-0.10910965502262115,0.11055509682694309,0.0,0.28577153898853186,0.8816773891448975,0.28751619131675493,15,0.0,0.0,-0.05298580496595865,-0.11977813416160643,-0.06679232919564779,-0.006748238774512822
sciq_0107,Hydrophilic molecules generally avoid what other kinds of molecules?,science,Hydrophilic molecules tend to avoid hydrophobic (nonpolar) molecules.,0,0.2222222222222222,0.0,-0.2026069777108306,-0.03675347287207842,-0.9744237661361694,-0.7237400829792022,-0.20981342904269695,0.3123132139346246,0.0,0.4378197693088926,1.6209473609924316,0.5470415048242033,18,0.0,0.0,-0.1546092705734231,-0.2506046848482381,-0.095995414274815,-0.01754246356848673
sciq_0108,Why do fish have short esophaguses?,science,Fish have short esophaguses to facilitate rapid swallowing of small prey items like insects or other aquatic organisms.,1,0.0,0.0,-0.6448827093355992,-0.6419008076190948,-1.8441400527954102,-1.2177626729011535,-1.0074448436498642,0.525811655441849,0.0,1.4442336409014056,2.876579761505127,0.9319843347220068,22,0.0,0.0,-0.41794410322009673,-0.8718213154511019,-0.45387721223100513,-0.04849751126276852
sciq_0109,Malonate plays what negative role on the enzyme succinate dehydrogenase?,science,"Malonate inhibits the activity of succinate dehydrogenase by forming an irreversible complex with its substrate, succinate.",1,0.0,0.0,-0.387727952363408,-0.17541686445474625,-1.2747550010681152,-1.0832762122154236,-0.7192393988370895,0.4497170301571812,0.0,0.8789374391562887,3.180576801300049,0.9848403423185088,26,0.0,0.0,-0.20881554413251882,-0.5666403605942972,-0.35782481646177844,-0.02384677916576815
sciq_0110,What term describes the process of vesicles fusing with the plasma membrane and releasing their contents to the outside of the cell?,science,The term that describes this process is exocytosis.,0,0.25,0.0,-0.1022162983791759,-0.003696688247146085,-0.5555498003959656,-0.4769766204059124,-0.05880750622600317,0.19664702139441845,0.0,0.23195866523534883,1.236825704574585,0.3792580692520016,12,0.0,0.0,-0.1954340379064282,-0.008998558851923614,0.18643547905450458,0.03897623461885667
sciq_0111,"Asteroids, comets, and planets move around the sun in curved paths called what?",science,"Asteroids, comets, and planets move around the sun in curved paths called orbits.",0,0.1538461538461538,0.0,-0.07554508721867885,-0.005259842611849308,-0.49030202627182007,-0.25279107689857483,-0.052135370671749115,0.14332072035953827,0.0,0.2158917992871322,1.3734335899353027,0.3647067038382791,19,0.0,0.0,-0.04980612152131572,-0.09871015634630567,-0.04890403482498995,-0.002243303473699742
sciq_0112,What is the process of filtering waste from the kidneys?,science,"The process of filtering waste from the kidneys involves blood passing through tiny filters called nephrons, where waste products and excess water are removed to form urine.",1,0.0,0.0,-0.3602664790620717,-0.06516820564866066,-1.4804341793060303,-0.9372926235198974,-0.6349943727254868,0.42569872421785754,0.0,0.7924000253590445,2.540346145629883,0.8014418877266396,30,0.0,0.0,-0.3183205731368313,-0.40221238498731204,-0.08389181185048072,-0.007502459329231801
sciq_0113,"Without particles, water vapor could not do what?",science,"Without particles, water vapor would not exist as we know it.",1,0.0,0.0,-0.39687083129571804,-0.21253584325313568,-1.3149969577789307,-1.1192229986190796,-0.7444477677345276,0.45051749005998043,0.0,0.8245154243911832,2.0612452030181885,0.7373009776548615,13,0.0,0.0,-0.20356652591726743,-0.5625602359058186,-0.3589937099885512,-0.011693027250557968
sciq_0114,"What is a therian mammal in which the embryo is born at an early, immature stage?",science,"A therian mammal in which the embryo is born at an early, immature stage is called a marsupial.",0,0.1333333333333333,0.0,-0.1516174778060607,-0.00792429014109075,-1.351302146911621,-0.5618395686149597,-0.06469076313078403,0.31229082033114947,0.0,0.39179629974023555,2.1820414066314697,0.6129080908777266,24,0.0,0.0,-0.10389371025303262,-0.19934124535908873,-0.09544753510605611,-0.006209866275453158
sciq_0115,"One important phenomenon related to the relative strength of cohesive and adhesive forces is capillary action—the tendency of a fluid to be raised or suppressed in a narrow tube, or called this?",science,Capillary action is the tendency of a fluid to be raised or suppressed in a narrow tube.,0,0.25,0.125,-0.16489706683511796,-0.03879017010331154,-0.653246283531189,-0.48760935068130495,-0.3117886558175087,0.2140198606641621,0.0,0.45964574794235985,1.522426724433899,0.4663499933856375,19,0.0,0.0,-0.1598470335205396,-0.1694420968182385,-0.00959506329769888,0.001208269775828768
sciq_0116,"Digestive enzymes are released, or secreted, by the organs of which body system?",science,Digestive enzymes are released by the organs of the digestive system.,0,0.3636363636363636,0.1818181818181818,-0.16110389862128963,-0.04960869625210762,-0.903465747833252,-0.449379938840866,-0.13830183446407318,0.2526476007851806,0.0,0.3840709068597509,1.2616440057754517,0.37695898206555684,13,0.0,0.0,-0.25892941985997214,-0.07725345184527603,0.1816759680146961,0.018424438145542572
sciq_0117,What functions in removing phosphorylated amino acids from proteins?,science,Proteasomes remove phosphorylated amino acids from proteins through a process called ubiquitination.,1,0.0,0.0,-0.341816989973794,-0.2551197409629822,-1.2743711471557617,-0.8041589736938477,-0.5936402976512909,0.3700453411424386,0.0,0.7545732574929532,2.5671675205230713,0.7734644746064063,19,0.0,0.0,-0.2552299326230746,-0.41974534158944155,-0.16451540896636696,-0.011287942261352369
sciq_0118,What type of map reveals the shape of a landscape?,science,A topographic map reveals the shape of a landscape.,0,0.2857142857142857,0.0,-0.060516962707135295,-0.006860984489321709,-0.2886918783187866,-0.1913028061389923,-0.07925108261406422,0.09318147641451342,0.0,0.20523501258470456,0.7660016417503357,0.2779775254844613,11,0.0,0.0,-0.10746835516474676,-0.021390802325792418,0.08607755283895434,0.015306431060095995
sciq_0119,What is another name for anther pollen sacs?,science,The other name for anther pollen sacs is microsporangia.,0,0.2222222222222222,0.0,-0.13621863188236602,-0.01639537140727043,-1.5076053142547607,-0.14389297664165496,-0.08277706429362297,0.36977863443959225,0.0,0.3696277939695089,3.1305665969848633,0.7639687005531365,15,0.0,0.0,-0.24569404082805185,-0.040427649054890935,0.20526639177316092,0.03557023876909235
sciq_0120,"Illustrating how form follows function, long, slender protein strands that make up what tissue are essential for contracting and relaxing?",science,"Muscle tissue is made of long, slender protein strands that contract and relax to enable movement.",0,0.1176470588235294,0.0,-0.3314161883800376,-0.18361854553222656,-1.2892627716064453,-0.8837529182434082,-0.4413055181503296,0.3837673338768847,0.0,0.7924811317291307,2.426788568496704,0.6857271073912109,19,0.0,0.0,-0.48345127897078377,-0.1945846068483661,0.2888666721224177,0.03008836866236442
sciq_0121,Biological features from a common evolutionary origin are known as what?,science,Homologous structures.,0,0.6666666666666666,0.0,-0.23639435227960348,-0.1978435516357422,-0.6946561932563782,-0.5190943598747253,-0.2557516098022461,0.24832789708250144,0.0,0.7558575555682182,2.0067341327667236,0.7024074219272763,5,0.0,0.0,-0.3588897855952382,-0.15473073006918034,0.20415905552605787,0.07609970513731248
sciq_0122,Corrosion is usually defined as the degradation of metals due to what?,science,Corrosion is usually defined as the degradation of metals due to chemical reactions with their environment.,1,0.0,0.0,-0.10412939224553204,-0.055950697511434555,-0.7651748657226562,-0.2223530113697052,-0.10079152137041092,0.1750498689164459,0.0,0.34636011158650754,1.514838457107544,0.4059030360542692,19,0.0,0.0,-0.028293689261873724,-0.17238152493082454,-0.1440878356689508,-0.01731471174271383
sciq_0123,Which membranous organelles in a cell sequence enzyme and electron molecules for efficient cellular respiration?,science,Mitochondria are the membranous organelles that sequence enzyme and electron molecules for efficient cellular respiration.,0,0.1333333333333333,0.0,-0.20470569472822914,-0.009112318977713585,-1.5018023252487183,-0.6063245058059692,-0.26035627722740173,0.35249039038471647,0.0,0.515064656830003,3.2356016635894775,0.7802346158990767,23,0.0,0.0,-0.2689191439631858,-0.14584336626285221,0.12307577770033357,0.01946428084768744
sciq_0124,How many families are known quarks divided into?,science,"Quarks are known to be composed of three families: up, down, and strange.",0,0.1428571428571428,0.0,-0.32509624374668217,-0.23528679460287094,-1.3608578443527222,-0.7634615838527679,-0.3679841309785843,0.3747438484622279,0.0,0.903028465496997,2.7652924060821533,0.7512845552960753,18,0.0,0.0,-0.452585146167419,-0.19760734132594532,0.2549778048414737,0.029848894684636047
sciq_0125,Does lava flow quickly or slowly when thick?,science,Lava flows more slowly when it is thicker.,0,0.2222222222222222,0.0,-0.22198217565528466,-0.1428915150463581,-0.9345307350158691,-0.43316584229469296,-0.2721298038959503,0.2662449087216547,0.0,0.604416713968385,1.4374715089797974,0.4477200584106026,10,0.0,0.0,-0.1483428831837955,-0.2956214681267738,-0.14727858494297832,-0.05107673988620235
sciq_0126,What phase does the cell make final preparations to divide?,science,The cell enters prophase during mitosis for final preparation before division begins.,1,0.0,0.0,-0.46977462263797254,-0.38988879323005676,-1.4453065395355225,-0.8362231969833374,-0.6905524134635925,0.3842891061383624,0.0,1.0513783012672018,2.2831945419311523,0.667004545446308,15,0.0,0.0,-0.6950811329900587,-0.2726314260798972,0.4224497069101615,0.049509326726495474
sciq_0127,"What is land with permafrost, no trees, and small hardy plants?",science,It could be tundra.,0,0.4,0.0,-0.6169656702550128,-0.6030391454696655,-1.2864129543304443,-1.1548712253570557,-0.9871330857276917,0.4710950019445946,0.0,1.3679199140363683,2.50248122215271,0.8655234168668116,6,0.0,0.0,-0.783370723327001,-0.4505606171830247,0.33281010614397627,0.18826846453095114
sciq_0128,Hydrogen-based fuel cells were and are used to provide what for manned space vehicles?,science,Hydrogen-based fuel cells power manned space vehicles by providing electrical energy.,1,0.0,0.0,-0.29033006548318857,-0.1786874681711197,-1.0975346565246582,-0.7717335700988769,-0.4744997024536133,0.3399552678042597,0.0,0.7472852807647238,2.5843892097473145,0.7827736802232832,15,0.0,0.0,-0.10980500162570804,-0.44828949635848403,-0.338484494732776,-0.035037979871776766
sciq_0129,What is the most important function of enzymes in animals?,science,"Enzymes play a crucial role in catalyzing biochemical reactions within cells, facilitating vital metabolic processes essential for life.",1,0.0,0.0,-0.3494790955715719,-0.27694956958293915,-1.1509120464324951,-0.9019999682903289,-0.6136624068021774,0.3729168692326929,0.0,0.807223844307817,2.250004291534424,0.7467905633698007,24,0.0,0.0,-0.2734370557256322,-0.4255211354175117,-0.15208407969187948,-0.006579050947767301
sciq_0130,What process takes place when plants release water vapor through pores in their leaves called stomata?,science,Transpiration is the process by which plants release water vapor through their stomata.,0,0.1538461538461538,0.0,-0.26549068815438304,-0.05141917057335377,-1.0540993213653564,-1.0417805314064026,-0.3517102375626564,0.3958618391198083,0.0,0.555479205303385,1.992572546005249,0.6811684262195371,16,0.0,0.0,-0.23918931253137288,-0.2917920637773932,-0.05260275124602032,-0.007132758631504754
sciq_0131,The concept that atoms tend to have eight electrons in their valence electron shell is called what?,science,The concept that atoms tend to have eight electrons in their valence electron shell is called the octet rule.,0,0.2105263157894736,0.1052631578947368,-0.08971203054749242,-0.007199455052614212,-0.40619218349456787,-0.35556408762931824,-0.11510802805423737,0.14054743210229242,0.0,0.23234051816027865,1.0309486389160156,0.31496081466195913,22,0.0,0.0,-0.09062224104160453,-0.08880182005338032,0.001820420988224214,0.005108934962095121
sciq_0132,What is the force that opposes motion between two surfaces that are touching?,science,The force that opposes motion between two surfaces that are touching is friction.,0,0.1538461538461538,0.0,-0.05955536323641094,-0.006492597283795476,-0.3722885251045227,-0.22805941626429557,-0.039001251105219126,0.11550322076140983,0.0,0.18644295346790127,0.9398983120918274,0.2846990107827096,14,0.0,0.0,-0.060187619466367845,-0.05892310700645404,0.0012645124599138038,0.003587712997450387
sciq_0133,"In the case of the moose, predation is an additional factor that regulates what?",science,Predation is an additional factor that regulates population size for moose.,0,0.1818181818181818,0.0,-0.23633253932868165,-0.056119462475180626,-0.9601454138755798,-0.714906531572342,-0.3957364596426487,0.3131002678356566,0.0,0.6159333543910179,1.9905883073806763,0.6938100234863833,14,0.0,0.0,-0.18622266140508664,-0.28644241725227665,-0.10021975584719,-0.009389354079190358
sciq_0134,"A sealed, vacuum-insulated reaction flask approximates what condition, in which neither matter nor heat can be exchanged between system and surroundings?",science,It approximates an isothermal and adiabatic condition.,1,0.0,0.0,-0.3932368779789193,-0.2919263541698456,-1.1791839599609375,-1.0283169627189634,-0.6941201686859131,0.41216108064651075,0.0,0.7655015985454576,1.8294341564178467,0.6576435362607929,13,0.0,0.0,-0.37059293345616123,-0.4126459732841405,-0.042053039827979255,-0.018099026490625076
sciq_0135,"Temperature, water, soil, and air are examples of nonliving factors of an ecosystem, also termed what?",science,abiotic factors,0,1.0,0.5,-0.49972114951075736,-0.35685986280441284,-1.1422799825668335,-0.9851959586143494,-0.7495699226856232,0.477140384305542,0.0,0.9706754958121261,2.203874349594116,0.9185918119317553,3,0.0,0.0,-1.1422799825668335,-0.17844173298271926,0.9638382495841142,0.3927100598812104
sciq_0136,What are the little sacs at the end of the bronchioles called?,science,The little sacs at the end of the bronchioles are called alveoli.,0,0.1999999999999999,0.1818181818181818,-0.01874965838722018,-0.002086390508338809,-0.12486205250024796,-0.0633588634431362,-0.010035255458205938,0.03812377930848478,0.0,0.08227288110053148,0.5225841403007507,0.151208237635147,18,0.0,0.0,-0.033440766361751334,-0.0040585504126890255,0.029382215949062308,0.0038344338648448758
sciq_0137,What kind of organisms helps hold soil in place to slow erosion?,science,Grasses and other plants help hold soil in place by forming a mat that slows water runoff and reduces erosion.,0,0.1,0.0,-0.4179827801711905,-0.40534843504428864,-1.135502576828003,-0.9159574151039124,-0.5859383344650269,0.33021142537362214,0.0,1.0950012380714973,2.2866251468658447,0.7337089182031923,22,0.0,0.0,-0.2559813455081894,-0.5799842148341916,-0.3240028693260022,-0.012874211897457265
sciq_0138,"By the year 2050, 25 percent of the population of the united states will be 60 years of age or older. the cdc estimates that 80 percent of those 60 years and older have one or more chronic disease associated with deficiencies of this?",science,"The CDC estimates that by 2050, 25% of the U.S. population aged 60+ will have one or more chronic diseases related to vitamin deficiencies.",1,0.0,0.0,-0.27819448067461244,-0.06856048107147217,-1.1578022241592407,-0.8520954966545105,-0.43676070123910904,0.370252911733401,0.0,0.652648920818281,2.71791410446167,0.7656724249526486,38,0.0,0.0,-0.27686901319745966,-0.27951994815176523,-0.0026509349543055727,-0.00040566624426252183
sciq_0139,"Nephrons, renal tubules and the loop of henle are part of the process of blood filtration by what organs?",science,"The kidneys are responsible for filtering blood through nephrons, renal tubules, and the loop of Henle.",0,0.1333333333333333,0.0,-0.24550487818876057,-0.0214639687910676,-1.0880577564239502,-0.7598856866359711,-0.42364608496427536,0.3387352102915719,0.0,0.5844947614009883,2.2581872940063477,0.6770107632399548,22,0.0,0.0,-0.37890562753413676,-0.11210412884338439,0.26680149869075237,0.022586334574575095
sciq_0140,The overall voltage of the battery is therefore the sum of ________ of the individual cells.,science,The overall voltage of the battery is therefore the sum of the voltages of the individual cells.,0,0.1538461538461538,0.0,-0.0719348738726024,-0.0009638193296268582,-0.5934367775917053,-0.2216283321380615,-0.009012493304908276,0.18011560511083755,0.0,0.19289907419787547,1.6169328689575195,0.4404331005166552,19,0.0,0.0,-0.0699692293160802,-0.07370395397347237,-0.003734724657392177,0.006674880495024566
sciq_0141,"What system of the body is responsible for transmitting, processing, and responding to most of the sensory information that is created by various stimuli?",science,"The nervous system is responsible for transmitting, processing, and responding to most of the sensory information received from various stimuli.",0,0.1999999999999999,0.0999999999999999,-0.1917063575658334,-0.010671808384358883,-1.3576773405075073,-0.38114950656890867,-0.22870630770921707,0.3627626277820969,0.0,0.38402214645991434,1.8137787580490112,0.5388344043619406,23,0.0,0.0,-0.07910019091493516,-0.2949286769958235,-0.21582848608088834,-0.02256150650901988
sciq_0142,What lines the passages of the nose and senses chemicals in the air?,science,Mucus lining the nasal passages and olfactory receptors sense chemicals in the air.,1,0.1538461538461538,0.1538461538461538,-0.2992193047964804,-0.12854040414094925,-1.1298339366912842,-0.9046022593975067,-0.39318395406007767,0.3554195687965204,0.0,0.8200655491073121,2.6718742847442627,0.7813208131671324,16,0.0,0.0,-0.3559164204634726,-0.2425221891294882,0.11339423133398441,0.013593320320180999
sciq_0143,Proteins are polymers of what kind of acids?,science,Proteins are polymers of amino acids.,0,0.2857142857142857,0.0,-0.020585043443111316,-0.0037811818765476346,-0.08695021271705627,-0.06502728462219239,-0.027448952663689852,0.029139819138943517,0.0,0.10049457110999356,0.37693992257118225,0.12503126757157929,10,0.0,0.0,-0.010089104378130287,-0.031080982508092346,-0.02099187812996206,-0.0028454938328416053
sciq_0144,What makes marginal lands unsuitable for farming?,science,"Marginal lands are unsuitable for farming due to poor soil quality, inadequate water supply, harsh climate conditions, or proximity to natural hazards like flood plains or steep slopes.",1,0.0,0.0689655172413793,-0.4555441329952346,-0.22716187685728073,-1.7432208061218262,-1.1342520475387574,-0.8025812804698944,0.501567900244391,0.0,1.063310787236921,3.8514342308044434,1.0655650001881314,34,0.0,0.0,-0.2351757149016628,-0.6759125510888064,-0.44073683618714365,-0.021289429050046903
sciq_0145,"When a nerve impulse reaches the end of an axon, what are the chemicals released by the axon called?",science,The chemicals released by the axon when a nerve impulse reaches its end are called neurotransmitters.,0,0.1428571428571428,0.0,-0.17716062979889102,-0.015952108427882195,-0.8363698124885559,-0.7308136343955993,-0.11673508584499359,0.29992627295687296,0.0,0.38357027147216477,1.9323912858963013,0.5695417864646983,19,0.0,0.0,-0.27647721938895603,-0.0877756991678325,0.18870152022112352,0.017731686429722587
sciq_0146,What is the most important source of electromagnetic waves on earth?,science,The sun is the most important source of electromagnetic waves on Earth.,0,0.1818181818181818,0.0,-0.08633308212732188,-0.03859337046742439,-0.3655397891998291,-0.16168066561222075,-0.13238005340099335,0.09746071055638013,0.0,0.31254463033334245,0.883834958076477,0.2737072056401472,13,0.0,0.0,-0.13857654575258493,-0.04155297044852497,0.09702357530405997,0.012754126019642199
sciq_0147,All of the elements in group 9 have nine of which electrons?,science,All of the elements in group 9 (the noble gases) have eight valence electrons.,0,0.1538461538461538,0.0,-0.33497393413209037,-0.017270181328058243,-1.9161344766616821,-0.9545539379119873,-0.5500391125679016,0.5106804796813179,0.0,0.6981097979158605,3.4240200519561768,0.9882666377602155,19,0.0,0.0,-0.20165495363855573,-0.4549610165762715,-0.2533060629377158,-0.000999950590825424
sciq_0148,What form of reproduction creates offspring that are genetically identical to the parent?,science,Asexual reproduction creates offspring that are genetically identical to the parent.,0,0.1818181818181818,0.0,-0.1261351619801784,-0.0012435331009328365,-0.6985077261924744,-0.532132613658905,-0.021693909540772438,0.236133314870682,0.0,0.32322665628117436,2.037642478942871,0.5951695033150236,13,0.0,0.0,-0.26922765315975994,-0.003484455254822803,0.2657431979049371,0.031074660750144194
sciq_0149,Ecological succession refers to the change in the numbers and types of species that live in what groups?,science,Ecological succession refers to the change in the numbers and types of species that live in communities over time.,0,0.1111111111111111,0.0,-0.10240879312173742,-0.021447045728564262,-0.507175087928772,-0.32138872146606445,-0.16304898262023926,0.14026099549823798,0.0,0.33198990506796344,1.227698802947998,0.3955863042582715,21,0.0,0.0,-0.08242166889031069,-0.12057890605939808,-0.038157237169087393,-0.0058130521537433115
sciq_0150,The chains in cellulose stack in parallel rows held together by hydrogen bonds between which groups?,science,Chains in cellulose stack in parallel rows held together by hydrogen bonds between glucose units.,1,0.0,0.0,-0.1264897858442661,-0.003922089817933738,-0.9504166841506958,-0.47941389381885524,-0.05910113174468279,0.2708684427118167,0.0,0.35947645201748757,2.4459567070007324,0.6791760978139009,18,0.0,0.0,-0.09361725008218652,-0.15936232160634567,-0.06574507152415915,-0.00552898202653349
sciq_0151,Where does the energy produced by plants come from?,science,Plants produce their own energy through photosynthesis using sunlight as an energy source.,0,0.1538461538461538,0.0,-0.24870340574599936,-0.15380753576755524,-1.0249834060668945,-0.49306511878967285,-0.41066666692495346,0.2663518941215368,0.0,0.5536071094920771,1.3189908266067505,0.40858537067413847,16,0.0,0.0,-0.3250987620376691,-0.17230804945432965,0.15279071258333943,0.026268700046630445
sciq_0152,What is citrate an ionized form of?,science,Citrate is the ionized form of citric acid.,0,0.4444444444444445,0.2222222222222222,-0.17217123948474486,-0.10440869629383087,-0.7776853442192078,-0.44442444443702694,-0.1863212287425995,0.22860949350707352,0.0,0.4805847071329481,1.6391695737838745,0.5025717505169119,12,0.0,0.0,-0.28062748454976827,-0.06371499441972144,0.21691249013004682,0.02075189653488811
sciq_0153,What is first stage of cellular respiration?,science,"The first stage of cellular respiration involves glycolysis, where glucose is broken down into pyruvate molecules.",1,0.0,0.0,-0.1592760777213774,-0.02502298541367054,-0.6668490767478943,-0.5049158334732056,-0.27572689950466156,0.20976865860599944,0.0,0.4408455775337643,1.4235875606536865,0.5249968038212038,24,0.0,0.0,-0.1474344309801836,-0.17111772446257115,-0.02368329348238754,-0.002839334849707515
sciq_0154,What prevents new ovarian follicles from developing and suppresses uterine contractility?,science,The hormone responsible for preventing new ovarian follicle development and suppressing uterine contractility is progesterone.,0,0.1333333333333333,0.0,-0.21644734662545903,-0.028302947990596294,-1.01954185962677,-0.8430566430091858,-0.24801203981041908,0.33693008964647825,0.0,0.5757188353709353,2.533379077911377,0.8511037662283769,22,0.0,0.0,-0.3236958613746207,-0.10919883187629735,0.21449702949832333,0.022771811268979394
sciq_0155,What are atoms of the same element that differ in their numbers of neutrons called?,science,Atoms of the same element with different numbers of neutrons are called isotopes.,0,0.1538461538461538,0.0,-0.030613362814250422,-0.0031379341380670667,-0.17217636108398438,-0.10916481353342533,-0.029554381500929594,0.05325948719628985,0.0,0.11645890106302659,0.5382114052772522,0.17371884429850998,16,0.0,0.0,-0.04957871774399791,-0.011648007884502931,0.03793070985949498,0.00426383297180283
sciq_0156,The amniotic egg is a shared ancestral character for which clade?,science,The amniotic egg is a shared ancestral character for the Amniota clade.,0,0.1999999999999999,0.0,-0.15058432145441555,-0.019998676609247923,-0.7380204796791077,-0.5060659289360045,-0.23137016221880913,0.2331010661337881,0.0,0.42721234361104304,1.9406695365905762,0.5871663447715573,18,0.0,0.0,-0.03455601410193291,-0.2666126288068982,-0.23205661470496527,-0.00858712568897336
sciq_0157,The three-dimensional spaces with specific shapes that are components of electrons shells are known as what?,science,The three-dimensional spaces with specific shapes that are components of electron shells are known as atomic orbitals.,0,0.1111111111111111,0.0,-0.09254808222773932,-0.019531658850610256,-0.6133575439453125,-0.2639485776424408,-0.1004654448479414,0.14966933811962277,0.0,0.29575017973966167,1.7647144794464111,0.4119367065058841,20,0.0,0.0,-0.09182541985210264,-0.09327074460337599,-0.001445324751273347,0.004588985542794922
sciq_0158,What type of bonds are formed by the side-to-side overlap of p orbitals?,science,Hybridization of p orbitals forms sp hybridized bonds.,1,0.2,0.2,-0.6614710003699167,-0.4525642991065979,-1.9482332468032837,-1.482489824295044,-0.6929523944854736,0.5741043720829172,0.0,1.4403182075133931,3.5607595443725586,1.0231484582966388,13,0.0,0.0,-0.9716721853862206,-0.39558427035594185,0.5760879150302787,0.05085971273973095
sciq_0159,How many types of basic sensory receptors are there?,science,"There are five types of basic sensory receptors: touch, pressure, temperature, pain, and proprioception.",1,0.1333333333333333,0.1333333333333333,-0.19877426690488523,-0.051437146961688995,-1.2912802696228027,-0.5878686308860779,-0.2190483957529068,0.3246237890982546,0.0,0.4879279515617305,2.2719883918762207,0.5817468354587334,21,0.0,0.0,-0.24614714828785508,-0.15570801110218532,0.09043913718566976,0.014274412809187762
sciq_0160,"Breathing involves differences in what, measured in torr, between the inside of the lungs and the air outside?",science,"Breathing involves differences in pressure between the inside of the lungs and the air outside, measured in torr (millimeters of mercury).",0,0.1052631578947368,0.0,-0.17688548600913404,-0.038206424564123154,-1.0020322799682617,-0.6613035321235656,-0.18322553485631943,0.28347939013406304,0.0,0.44384884949195785,2.321765184402466,0.580246100682148,27,0.0,0.0,-0.1077734770727917,-0.2410609228785948,-0.1332874458058031,-0.003067308344595529
sciq_0161,Oxygen is an element in what form of matter?,science,Oxygen exists as a gas in its elemental form.,0,0.2222222222222222,0.0,-0.3129960022422231,-0.2631855309009552,-0.9193785190582275,-0.6703646183013916,-0.4090196043252945,0.27142047090846516,0.0,0.7573833976956931,1.5783413648605347,0.47214318001936817,11,0.0,0.0,-0.1955812502419576,-0.410841628909111,-0.21526037866715342,-0.016762419311668393
sciq_0162,"Fungi often make specialized reproductive structures, such as what?",science,Fungi often make specialized reproductive structures called mushrooms.,0,0.2222222222222222,0.0,-0.18844883943311289,-0.08452817797660828,-1.0916242599487305,-0.32848270088434217,-0.19699357077479362,0.3148662860618576,0.0,0.4764362111804076,1.8686808347702026,0.564353399929533,10,0.0,0.0,-0.0752746267709881,-0.30162305209523765,-0.22634842532424954,-0.05221169483887603
sciq_0163,Which is a more reliable trait or measure to identify minerals?,science,A chemical analysis of mineral samples is generally considered more reliable for identifying minerals than visual inspection alone.,1,0.0,0.0,-0.455383447440047,-0.2145892232656479,-1.654456615447998,-1.2080814123153687,-0.6177113652229309,0.4976816352128686,0.0,1.1443839320226719,3.734900712966919,0.9784027795710492,19,0.0,0.0,-0.6268524477879206,-0.30106134712696075,0.32579110066095984,0.03560908724995033
sciq_0164,What are located along convergent and divergent plate boundaries?,science,Volcanoes and earthquakes are typically found along both convergent (where plates move towards each other) and divergent (where plates move apart) plate boundaries.,0,0.0833333333333333,0.0,-0.2002889316272558,-0.10511800646781921,-0.7158392667770386,-0.6138105452060699,-0.35688184946775436,0.2332284084860093,0.0,0.5512415023531503,2.3033981323242188,0.5644000374605572,32,0.0,0.0,-0.33861048282460615,-0.06196738042990546,0.2766431023947007,0.010710983959311082
sciq_0165,What term is used to describe organic compounds such as sugars and starches?,science,The term used to describe organic compounds like sugars and starches is carbohydrates.,0,0.1538461538461538,0.0,-0.13825453500030563,-0.0021652367431670427,-1.1459105014801025,-0.40493004322051995,-0.07930384390056133,0.30469011561795184,0.0,0.2646106228232384,1.6868317127227783,0.4473792314839577,15,0.0,0.0,-0.19833913360447955,-0.08568051122165343,0.11265862238282612,0.030030140955672583
sciq_0166,Where are liverworts most often found?,science,Liverworts are most often found on moist soil and rocks in temperate regions around the world.,1,0.0,0.1176470588235294,-0.45442724217274416,-0.11501850932836533,-1.5024741888046265,-1.2024995923042296,-0.8556889295578003,0.5193514311091249,0.0,0.872072691628,2.736015558242798,0.9357359319527806,20,0.0,0.0,-0.2575973639963195,-0.6512571203491688,-0.39365975635284933,-0.02367937467841114
sciq_0167,What are the structural and functional units of the kidneys?,science,"The structural unit is the nephron, which includes the renal corpuscle and tubules; the functional unit is the glomerulus.",1,0.0,0.0,-0.3952860509983751,-0.24354708194732666,-1.6753530502319336,-0.8353740811347962,-0.6668945550918579,0.4062868920677225,0.0,0.812899786375325,2.973507881164551,0.6933190587735101,27,0.0,0.0,-0.3938221743133349,-0.3966453650630553,-0.002823190749720428,-0.007126493354469792
sciq_0168,What are plants that grow on other plants called?,science,These are known as epiphytes.,0,0.3333333333333333,0.0,-0.2581907663570746,-0.09625978954136372,-0.9580273628234863,-0.6719631135463714,-0.40453697741031647,0.3231118561747976,0.0,0.572144464822486,1.69175386428833,0.582586799777105,8,0.0,0.0,-0.46595425566556514,-0.050427277048584074,0.41552697861698107,0.11513608401669652
sciq_0169,Lyme disease is caused by what kind of organim?,science,Lyme disease is caused by bacteria transmitted through tick bites.,0,0.1818181818181818,0.0,-0.201936416329166,-0.019962755497545004,-1.0828410387039185,-0.7240206032991409,-0.14955641329288483,0.34538918952763104,0.0,0.4140762377161688,1.7285573482513428,0.5787059298582676,12,0.0,0.0,-0.017625374838341184,-0.3862474578199908,-0.3686220829816496,-0.024148593456604455
sciq_0170,"In an ecosystem, what do you call organisms like lions that capture and kill other animals for food?",science,Predators.,0,1.0,0.0,-0.47522215149365366,-0.28278619050979614,-1.140368938446045,-0.9688523888587952,-0.7115775644779205,0.48404799082347333,0.0,1.0262663302322228,1.8255984783172607,0.7518316828888164,3,0.0,0.0,-0.28278619050979614,-0.5714401319855824,-0.28865394147578627,-0.4287913739681242
sciq_0171,"What is the term for the ability of an atom to emit, or give off, charged particles and energy from its nucleus?",science,The term for this ability is radioactive decay.,1,0.0,0.0,-0.33395739789638257,-0.14679329097270966,-1.1820429563522339,-0.7583914518356323,-0.6435303688049316,0.3796106276003982,0.0,0.763017906083001,1.805580735206604,0.6410693310134801,9,0.0,0.0,-0.22408178262412548,-0.42185789011418817,-0.1977761074900627,0.019155073414246236
sciq_0172,What do you call the study of how organisms interact with their environment and each other?,science,The field that studies these interactions is called ecology.,0,0.2222222222222222,0.0,-0.26876128232106566,-0.0549169946461916,-0.9727846384048462,-0.7456533014774323,-0.463351845741272,0.33204998529511115,0.0,0.6398095056414604,1.7063294649124146,0.6119667544132372,10,0.0,0.0,-0.46088129132986067,-0.07664127331227064,0.38424001801759,0.05575136601586232
sciq_0173,Carnivores that eat herbivores are what kind of consumers?,science,Carnivores that eat herbivores are primary consumers.,1,0.0,0.25,-0.13108818331228086,-0.004399027209728956,-0.5910612940788269,-0.3636023342609405,-0.3115485608577728,0.19096837118534402,0.0,0.4085437416223823,1.6178594827651978,0.5460222690360864,13,0.0,0.0,-0.15409932819481278,-0.11136434484153922,0.04273498335327357,-0.00019806870237005952
sciq_0174,What term is used to describe the development of new technology?,science,"The term used to describe the development of new technology is ""innovation.""",1,0.0,0.0,-0.08439703224600331,-0.0018540113233029842,-0.3754929006099701,-0.2689115345478058,-0.13563574105501175,0.12137462150042166,0.0,0.2699742391492085,0.9063385128974915,0.3368559454755064,15,0.0,0.0,-0.07295082008723901,-0.09441246788492208,-0.021461647797683073,-0.0039775700576683455
sciq_0175,"Most modern seed plants are angiosperms, which produce seeds in the ovaries of what basic structure?",science,"Most modern seed plants are angiosperms, which produce seeds in the ovaries of flowers.",0,0.1428571428571428,0.0,-0.098239874879542,-0.007876172661781311,-1.0155688524246216,-0.16852973997592927,-0.12499966844916344,0.2257476962417896,0.0,0.2481649155574575,1.3512598276138306,0.34778056647776784,19,0.0,0.0,-0.15008103311225163,-0.05158283247010331,0.09849820064214831,0.013255344944381995
sciq_0176,Hormones are often regulated through what?,science,Hormones are often regulated through feedback mechanisms within the body.,0,0.1818181818181818,0.0,-0.24851747148092657,-0.18448558449745178,-0.6472907662391663,-0.6125936388969421,-0.44096848368644714,0.24176192430170235,0.0,0.5846807765774429,1.2409532070159912,0.4593116732091135,13,0.0,0.0,-0.023386477276896283,-0.4414868950843811,-0.4181004178074848,-0.04951998897405036
sciq_0177,"What process, which is in many ways the opposite of photosynthesis, shows the interdependence of producers and consumers?",science,"Decomposition is the process that breaks down dead organic matter, showing how producers (plants) and consumers (animals) rely on each other for nutrients.",1,0.0,0.0869565217391304,-0.44949606747843884,-0.266597181558609,-1.726235032081604,-1.1310185194015503,-0.855794221162796,0.4779812433748514,0.0,1.1075208958842973,3.424853563308716,0.9652306419149694,31,0.0,0.0,-0.4790363229791789,-0.42180207794649505,0.05723424503268387,0.0032469360910263594
sciq_0178,A battery is a multiple connection of what kind of cells?,science,A battery is a collection of multiple cells connected together.,1,0.2,0.2,-0.3034303939837793,-0.29589101672172546,-0.7939677238464355,-0.6073375940322876,-0.4591726064682007,0.24562037130434328,0.0,0.8320194189860062,1.9619388580322266,0.5792871584817509,11,0.0,0.0,-0.18786138698924332,-0.3997378998125593,-0.211876512823316,-0.052471404670822355
sciq_0179,What are chromosomes made of?,science,Chromosomes are made primarily of DNA (deoxyribonucleic acid) and proteins.,0,0.4615384615384615,0.3076923076923076,-0.16607162012339813,-0.007811874384060502,-0.868308424949646,-0.6320146858692169,-0.15684601478278637,0.27962181895580207,0.0,0.36466235263906127,1.774227261543274,0.5448896113981601,20,0.0,0.0,-0.23010681191108234,-0.10203642833571394,0.1280703835753684,0.0011716126737528415
sciq_0180,"Radiation, chemicals, and infectious agents are examples of what?",science,"Examples of radiation, chemicals, and infectious agents are all types of biological hazards that can pose risks to human health and safety.",1,0.0,0.0,-0.36154777579067743,-0.18724600970745087,-1.1046886444091797,-1.0157251596450805,-0.5750417709350586,0.3882878573359901,0.0,0.8312575585138984,2.3085787296295166,0.8075353405295654,25,0.0,0.0,-0.2909911715942144,-0.4266769488951048,-0.13568577730089043,-0.005260617911234683
sciq_0181,What is the blood in the body pumped with?,science,The heart pumps blood throughout the body.,0,0.3333333333333333,0.0,-0.08811336659164226,-0.04118744283914566,-0.3044123649597168,-0.21682523638010023,-0.13071641512215137,0.09974248520657343,0.0,0.28857372321363073,0.655585765838623,0.24614935335959803,8,0.0,0.0,-0.05070342880208045,-0.12552330438120407,-0.07481987557912362,-0.007058823615460867
sciq_0182,What do you call the basic units of the structure and function of living things?,science,Cells are the basic units of the structure and function of living things.,0,0.1666666666666666,0.0,-0.0949378739550996,-0.007657242473214865,-0.5154277682304382,-0.3101201891899109,-0.11323025217279792,0.15818823260578677,0.0,0.24937985600679116,1.0275013446807861,0.36154450339739863,14,0.0,0.0,-0.18561472025300776,-0.004261027657191464,0.1813536925958163,0.024289488101150506
sciq_0183,What is the measurement of something along it's greatest dimension called?,science,The measurement of something along its greatest dimension is called its length.,0,0.1666666666666666,0.0,-0.07888196784747728,-0.030276434496045113,-0.41485968232154846,-0.21184086501598356,-0.06911344081163406,0.1162542607199216,0.0,0.29142812987825334,1.0221965312957764,0.3449226466501787,13,0.0,0.0,-0.02238747819258909,-0.12730581612309574,-0.10491833793050666,-0.015515177408735408
sciq_0184,"The male gametophyte releases what, which swim - propelled by their flagella - to reach and fertilize the female gamete or egg?",science,"The male gametophyte releases sperm cells, which swim towards and fertilize the egg through a process called sexual reproduction.",0,0.1176470588235294,0.0,-0.3212433336290996,-0.18114450573921204,-1.8901242017745972,-0.801396119594574,-0.3733358681201935,0.4413700297577081,0.0,0.7248866588342935,3.093674898147583,0.788059958138446,25,0.0,0.0,-0.15800966154347407,-0.47192056940044635,-0.3139109078569723,-0.01835066489033544
sciq_0185,What are the hormones that cause a plant to grow?,science,The hormones auxins and gibberellins primarily cause plants to grow.,0,0.1999999999999999,0.0,-0.38485895990549274,-0.3978894352912903,-1.1757782697677612,-0.738973343372345,-0.6277835965156555,0.3368242940737612,0.0,0.8232135304870705,2.0462839603424072,0.6532157562170461,15,0.0,0.0,-0.48230602219700813,-0.2995927804004168,0.18271324179659132,0.027086649701647862
sciq_0186,Traits controlled by genes on the sex chromosomes are called what?,science,Traits controlled by genes on the sex chromosomes are called sex-linked traits.,0,0.4,0.2666666666666666,-0.0721333496164464,-0.017084782477468252,-0.29149332642555237,-0.2670368880033493,-0.06079365033656359,0.10418726736565437,0.0,0.24668267482359493,0.9142349362373352,0.3077111057236155,14,0.0,0.0,-0.09171566964193646,-0.05255102959095633,0.03916464005098013,0.00573956059166589
sciq_0187,"In the u. s. , the majority of electricity is produced by burning coal or what else?",science,The majority of electricity in the U.S. is also produced by burning natural gas.,1,0.0,0.0,-0.18260813832431963,-0.061653949320316315,-0.8725686073303223,-0.4744309902191162,-0.259580135345459,0.23457200171044396,0.0,0.46657563320888373,1.9325271844863892,0.5068594866499626,17,0.0,0.0,-0.16706461066678457,-0.1964246073532397,-0.029359996686455114,0.005319169636987123
sciq_0188,What type of bombs put a much larger fraction of their output into thermal energy than do conventional bombs?,science,TNT explosives put a much larger fraction of their output into thermal energy than do conventional bombs.,1,0.0,0.1176470588235294,-0.26019026580462723,-0.011633649468421936,-1.356182336807251,-1.2827160120010377,-0.1262248232960701,0.4716315331592656,0.0,0.620588494562789,3.0240068435668945,0.9878387299326158,19,0.0,0.0,-0.5026646444328233,-0.04196332503925078,0.46070131939357256,0.053912169138365815
sciq_0189,The softer connective tissue that fills the interior of most bone is referred to as what?,science,The softer connective tissue that fills the interior of most bones is called cartilage.,1,0.0,0.0,-0.1710978446625638,-0.0017260904423892498,-1.0139520168304443,-0.6089955806732178,-0.2646976411342621,0.292715770547094,0.0,0.4300036341545659,1.8216127157211304,0.6462935862982644,17,0.0,0.0,-0.18819159489559212,-0.1559034000109831,0.03228819488460902,0.0022825801485683046
sciq_0190,"What leaves behind crescent-shaped scars on a hillside and  may be caused by a layer of slippery, wet clay underneath the rock and soil on a hillside?",science,"Canyons form when water erodes through layers of softer rock beneath harder rock, creating a series of steep-sided valleys that resemble crescents.",1,0.0,0.0,-0.8943706386399471,-0.9874875545501709,-2.3984947204589844,-1.674115228652954,-1.377730131149292,0.6422084588889984,0.0,2.1405265503402413,4.436106204986572,1.2053629526845417,29,0.0,0.0,-0.815438989364858,-0.9680401779633636,-0.15260118859850558,0.001515493259935514
sciq_0191,Do most waves strike the shore head on or at an angle?,science,Most waves typically strike the shore head-on.,1,0.0,0.4444444444444445,-0.3366151403170079,-0.045599307864904404,-1.1705663204193115,-0.881855821609497,-0.7866362929344177,0.4284921018667507,0.0,0.7055876981467009,2.258207321166992,0.7686969535626134,9,0.0,0.0,-0.24434337206184864,-0.4104325549211353,-0.16608918285928664,-0.07619044973204533
sciq_0192,"Two significant parts of the heat include the atrium and its counterpart, which is what?",science,The other significant part of the heat includes the courtyard.,1,0.0,0.0,-0.3612253472462974,-0.24449673295021057,-0.9710315465927124,-0.863290548324585,-0.7429579198360443,0.37107299119163717,0.0,1.0315989230505445,2.82234787940979,0.964494169210569,11,0.0,0.0,-0.2653167123906314,-0.441149209626019,-0.17583249723538757,-0.036682370118796805
sciq_0193,"In the microbiology lab, what technique refers to the procedures that are carried out under sterile conditions?",science,The technique that refers to procedures carried out under sterile conditions is sterilization.,1,0.0,0.0,-0.3474240644328044,-0.20038731396198273,-1.3138935565948486,-0.7826384902000427,-0.5749234259128571,0.391254437267169,0.0,0.6813949851163973,1.9332716464996338,0.697879674434557,15,0.0,0.0,-0.5495032546127082,-0.17060477302538857,0.37889848158731965,0.03496373784523062
sciq_0194,What structures located on chromosomes control characteristics of life and are passed from parents to offspring?,science,Genes located on chromosomes control characteristics of life and are passed from parents to offspring through genetic inheritance.,0,0.1052631578947368,0.0,-0.2140125971607631,-0.04352007247507572,-1.276950478553772,-0.6890547692775726,-0.20130150020122528,0.3467096685298462,0.0,0.5128746401198441,1.9799766540527344,0.6240333559408547,20,0.0,0.0,-0.26717268126085403,-0.16085251306067222,0.10632016820018181,0.006897750640326509
sciq_0195,What is essential for population of all species to expand greatly?,science,Food availability is essential for population expansion among all species.,1,0.0,0.0,-0.3856940921104979,-0.24146556854248047,-1.2725622653961182,-0.7479392290115356,-0.7095843553543091,0.39377532084181893,0.0,0.8720995343755931,2.3417677879333496,0.7121367965605245,11,0.0,0.0,-0.35324334453907796,-0.4127363817533478,-0.05949303721426985,0.03268658718946177
sciq_0196,The left atrium receives oxygen-rich blood from which organs?,science,The left atrium receives oxygen-rich blood from the lungs.,0,0.2222222222222222,0.0,-0.08412849937061158,-0.01708939392119646,-0.462364137172699,-0.25340741202235223,-0.09924028068780899,0.13695964047401676,0.0,0.27475339080168243,1.0396814346313477,0.3599705668291652,12,0.0,0.0,-0.0830460434857135,-0.08521095525550966,-0.002164911769796163,-0.009867510245258145
sciq_0197,What does the term decay in chemistry refer to with regards to atoms?,science,"Decay in chemistry refers to the process by which an unstable atomic nucleus emits particles or energy, leading to the transformation of one element into another.",1,0.0769230769230769,0.0769230769230769,-0.2914757735388452,-0.2587055265903473,-0.8681237101554871,-0.7230143189430237,-0.5268476009368896,0.28507287682525245,0.0,0.6764247262854669,2.1887824535369873,0.592103171546682,29,0.0,0.0,-0.18344107753416136,-0.3923081564765501,-0.20886707894238873,-0.010684563428023238
sciq_0198,Where fossils of the genus eomaia found?,science,Fossils of the genus Eomaia were discovered in China.,0,0.2222222222222222,0.0,-0.23799771643799822,-0.05527971498668194,-1.054274559020996,-0.6744288384914399,-0.39270205423235893,0.32474825979121,0.0,0.5882800226723442,2.543588161468506,0.7203892882209474,14,0.0,0.0,-0.05832157014966859,-0.41767386272632784,-0.35935229257665924,-0.047937545102995714
sciq_0199,A food web can be broken up into what further subdivision that usually has a few links in it?,science,Food chains.,1,0.5,0.5,-0.48999446630477905,-0.5053448677062988,-0.5625159740447998,-0.5510817527770996,-0.5339304208755493,0.066373881219078,0.0,1.2219685713450115,1.6005433797836304,0.39269609638427583,3,0.0,0.0,-0.5625159740447998,-0.4537337124347687,0.10878226161003113,0.08019670844078063
